Id,Target,Split
f2bf6db2-bbbe-11e8-b2ba-ac1f6b6435d0,0 2,train
f48f65cc-bba3-11e8-b2b9-ac1f6b6435d0,2,train
fdc15996-bba5-11e8-b2ba-ac1f6b6435d0,0 19,train
f379fa14-bbc4-11e8-b2bc-ac1f6b6435d0,0 21 7,train
fbc2168e-bbb5-11e8-b2ba-ac1f6b6435d0,0 2,train
ff8a6ea6-bbba-11e8-b2ba-ac1f6b6435d0,6,train
f079a2f2-bbaa-11e8-b2ba-ac1f6b6435d0,25 11,train
f77ca6e6-bbbc-11e8-b2ba-ac1f6b6435d0,0 25,train
f0fd699e-bba9-11e8-b2ba-ac1f6b6435d0,19,train
f4d7181a-bbba-11e8-b2ba-ac1f6b6435d0,0 5 7,train
fcf8ae96-bbb5-11e8-b2ba-ac1f6b6435d0,5,train
fa030c4a-bbbf-11e8-b2bb-ac1f6b6435d0,3,train
fdab1f16-bb9e-11e8-b2b9-ac1f6b6435d0,4,train
f764e9b8-bba6-11e8-b2ba-ac1f6b6435d0,2,train
ff509184-bbc6-11e8-b2bc-ac1f6b6435d0,23,train
fab9f4d0-bb9e-11e8-b2b9-ac1f6b6435d0,25,train
f2c2ac12-bbb8-11e8-b2ba-ac1f6b6435d0,0 25 5,train
f11f0046-bbbc-11e8-b2ba-ac1f6b6435d0,0 25,train
fc4f243c-bb99-11e8-b2b9-ac1f6b6435d0,5,train
fe5018fc-bba0-11e8-b2b9-ac1f6b6435d0,3 21,train
fda1f984-bbb9-11e8-b2ba-ac1f6b6435d0,0 2,train
fa7f3aee-bbb6-11e8-b2ba-ac1f6b6435d0,0 25 7,train
fec21e24-bbb0-11e8-b2ba-ac1f6b6435d0,26,train
f4a1d7d8-bbae-11e8-b2ba-ac1f6b6435d0,4,train
f7ba9786-bbbb-11e8-b2ba-ac1f6b6435d0,0 25 5,train
f7ad101c-bb9c-11e8-b2b9-ac1f6b6435d0,2,train
febb7ed0-bbc8-11e8-b2bc-ac1f6b6435d0,2 14,train
f8672cc4-bbbd-11e8-b2ba-ac1f6b6435d0,2 7,train
fec7ccf8-bbb9-11e8-b2ba-ac1f6b6435d0,23,train
fc242774-bb9d-11e8-b2b9-ac1f6b6435d0,1 5,train
fbece2e0-bbbc-11e8-b2ba-ac1f6b6435d0,24,train
f99d5b52-bbbf-11e8-b2bb-ac1f6b6435d0,0 2,train
fcfc4f36-bb99-11e8-b2b9-ac1f6b6435d0,0 25,train
f9b62a86-bb9e-11e8-b2b9-ac1f6b6435d0,0 19,train
f9771e2c-bb99-11e8-b2b9-ac1f6b6435d0,23,train
f0fb2324-bbbc-11e8-b2ba-ac1f6b6435d0,0 25,train
fd3178a4-bbae-11e8-b2ba-ac1f6b6435d0,23,train
fc392c68-bbbc-11e8-b2ba-ac1f6b6435d0,0 22,train
f87c7a92-bbc8-11e8-b2bc-ac1f6b6435d0,0 18,train
f9818632-bbad-11e8-b2ba-ac1f6b6435d0,0 5,train
fe605162-bba1-11e8-b2b9-ac1f6b6435d0,25,train
f0034882-bbc3-11e8-b2bc-ac1f6b6435d0,23,train
f12bb290-bbb8-11e8-b2ba-ac1f6b6435d0,3,train
f572bc4e-bbc8-11e8-b2bc-ac1f6b6435d0,0 16 17 25,train
f6a8e7dc-bbc3-11e8-b2bc-ac1f6b6435d0,23,train
f002d4ce-bbaf-11e8-b2ba-ac1f6b6435d0,2,train
f8a24348-bbb0-11e8-b2ba-ac1f6b6435d0,25 6,train
f2fb2356-bba6-11e8-b2ba-ac1f6b6435d0,0 2,train
f2dfac8a-bbaa-11e8-b2ba-ac1f6b6435d0,25 5,train
f32d152c-bbbb-11e8-b2ba-ac1f6b6435d0,21,train
f8c0343e-bbc9-11e8-b2bc-ac1f6b6435d0,0 25,train
f19c2d5e-bbc7-11e8-b2bc-ac1f6b6435d0,0 25,train
f53cf8be-bbb1-11e8-b2ba-ac1f6b6435d0,7,train
f07cb536-bb9c-11e8-b2b9-ac1f6b6435d0,18 21,train
fca908e8-bba4-11e8-b2ba-ac1f6b6435d0,25 21,train
fec0d0e2-bbbe-11e8-b2ba-ac1f6b6435d0,12,train
f5e87f28-bbc9-11e8-b2bc-ac1f6b6435d0,4,train
fa844a00-bb9f-11e8-b2b9-ac1f6b6435d0,0 2,train
f1807574-bb99-11e8-b2b9-ac1f6b6435d0,19 5,train
f57ac56a-bb9b-11e8-b2b9-ac1f6b6435d0,5,train
ff49340e-bbb0-11e8-b2ba-ac1f6b6435d0,25 7,train
ff9a7f02-bbbb-11e8-b2ba-ac1f6b6435d0,5,train
fcf3fec6-bbc6-11e8-b2bc-ac1f6b6435d0,3,train
ff13ad48-bbc4-11e8-b2bc-ac1f6b6435d0,0 2,train
f267d9fc-bb9c-11e8-b2b9-ac1f6b6435d0,0 23,train
f55e17de-bba6-11e8-b2ba-ac1f6b6435d0,25 2,train
f658bf46-bbc3-11e8-b2bc-ac1f6b6435d0,6,train
faabf7dc-bbbb-11e8-b2ba-ac1f6b6435d0,0 23,train
fd3396e4-bba3-11e8-b2b9-ac1f6b6435d0,0 25,train
fe35c15a-bb9b-11e8-b2b9-ac1f6b6435d0,21,train
fd8448e8-bbb5-11e8-b2ba-ac1f6b6435d0,19,train
fbd587ca-bba4-11e8-b2ba-ac1f6b6435d0,0 2,train
f6c27c72-bbc5-11e8-b2bc-ac1f6b6435d0,4,train
fc655b1a-bbc3-11e8-b2bc-ac1f6b6435d0,25 5,train
f0df19c4-bbb0-11e8-b2ba-ac1f6b6435d0,0 2 22,train
fba70e3a-bbb9-11e8-b2ba-ac1f6b6435d0,0 25,train
f9bd0d8c-bb9f-11e8-b2b9-ac1f6b6435d0,21,train
f6a55962-bbb1-11e8-b2ba-ac1f6b6435d0,5,train
faf348ca-bbb7-11e8-b2ba-ac1f6b6435d0,0 25 21,train
f871cf4e-bba4-11e8-b2ba-ac1f6b6435d0,0 3,train
f7a85ae2-bba4-11e8-b2ba-ac1f6b6435d0,0,train
f4ea3b86-bbb8-11e8-b2ba-ac1f6b6435d0,0 5,train
fe70823c-bbae-11e8-b2ba-ac1f6b6435d0,0 25 2,train
fa6eb4f2-bba3-11e8-b2b9-ac1f6b6435d0,3 22,train
fc1890b4-bbc3-11e8-b2bc-ac1f6b6435d0,25 5,train
f4c6c550-bbb5-11e8-b2ba-ac1f6b6435d0,0 25 7,train
f7493892-bb9e-11e8-b2b9-ac1f6b6435d0,0 2,train
fa81dccc-bba7-11e8-b2ba-ac1f6b6435d0,0 11,train
fc9ba76e-bb9c-11e8-b2b9-ac1f6b6435d0,2 4,train
f6542f20-bba6-11e8-b2ba-ac1f6b6435d0,2 6,train
f3d54dee-bba4-11e8-b2ba-ac1f6b6435d0,0 16 17 25,train
fc8b475c-bbc4-11e8-b2bc-ac1f6b6435d0,0,train
fdd96bae-bbb3-11e8-b2ba-ac1f6b6435d0,24 25 11,train
f17a5daa-bbb3-11e8-b2ba-ac1f6b6435d0,25 4,train
fcd48338-bbbd-11e8-b2ba-ac1f6b6435d0,0 25 3,train
f26515de-bbbd-11e8-b2ba-ac1f6b6435d0,0 5 7,train
f5e62b60-bbbf-11e8-b2bb-ac1f6b6435d0,17 14,train
fbfc32c6-bbbd-11e8-b2ba-ac1f6b6435d0,23,train
fea037ce-bbbe-11e8-b2ba-ac1f6b6435d0,23,train
f6605930-bba6-11e8-b2ba-ac1f6b6435d0,25,train
f7c06f1a-bbc2-11e8-b2bc-ac1f6b6435d0,0 25,train
f3a05748-bbc6-11e8-b2bc-ac1f6b6435d0,11,train
f3839d12-bbb5-11e8-b2ba-ac1f6b6435d0,5,train
ffe8cf0c-bba9-11e8-b2ba-ac1f6b6435d0,18,train
f80ffacc-bbc6-11e8-b2bc-ac1f6b6435d0,0 5,train
f4d54dc6-bbc1-11e8-b2bb-ac1f6b6435d0,0 3,train
f318f230-bba8-11e8-b2ba-ac1f6b6435d0,25,train
fa5403cc-bbb3-11e8-b2ba-ac1f6b6435d0,5,train
f68654c2-bbb6-11e8-b2ba-ac1f6b6435d0,0 2,train
fb1a88b8-bb99-11e8-b2b9-ac1f6b6435d0,0 25,train
fbeb6eb4-bba4-11e8-b2ba-ac1f6b6435d0,1,train
f3142d84-bbaa-11e8-b2ba-ac1f6b6435d0,0 12,train
f003dfc6-bbab-11e8-b2ba-ac1f6b6435d0,0 23,train
ff500aee-bba2-11e8-b2b9-ac1f6b6435d0,0 2 15,train
f6d88fc4-bbc2-11e8-b2bc-ac1f6b6435d0,0 18,train
f65bfe6c-bbba-11e8-b2ba-ac1f6b6435d0,0 25,train
fe4a0636-bbb1-11e8-b2ba-ac1f6b6435d0,7,train
fd7fbcd0-bb9a-11e8-b2b9-ac1f6b6435d0,3,train
f84be312-bbac-11e8-b2ba-ac1f6b6435d0,0 25,train
fc74c736-bbbd-11e8-b2ba-ac1f6b6435d0,7,train
f8ad58ba-bbbe-11e8-b2ba-ac1f6b6435d0,21,train
f429a344-bb9f-11e8-b2b9-ac1f6b6435d0,2 5,train
f08643b8-bbaa-11e8-b2ba-ac1f6b6435d0,14,train
f0d194e6-bbc6-11e8-b2bc-ac1f6b6435d0,21 13,train
f235bedc-bba5-11e8-b2ba-ac1f6b6435d0,0 25 7,train
f8ec26d4-bbb0-11e8-b2ba-ac1f6b6435d0,0 25 21,train
fec21aae-bbc5-11e8-b2bc-ac1f6b6435d0,0 25 21,train
f3c62328-bbb8-11e8-b2ba-ac1f6b6435d0,0,train
f4140324-bbb6-11e8-b2ba-ac1f6b6435d0,23,train
f75eee58-bbb2-11e8-b2ba-ac1f6b6435d0,0,train
f56ead8e-bba0-11e8-b2b9-ac1f6b6435d0,0 21,train
f770f4d4-bbc8-11e8-b2bc-ac1f6b6435d0,0,train
ffd45d0c-bbad-11e8-b2ba-ac1f6b6435d0,25,train
fff189d8-bbab-11e8-b2ba-ac1f6b6435d0,7,train
f2866400-bba4-11e8-b2ba-ac1f6b6435d0,16 14,train
fc9114ae-bb9f-11e8-b2b9-ac1f6b6435d0,0 5 7,train
f138de42-bba5-11e8-b2ba-ac1f6b6435d0,6,train
fcb26b4a-bbb3-11e8-b2ba-ac1f6b6435d0,0 18,train
f0531600-bbc8-11e8-b2bc-ac1f6b6435d0,21,train
f776df80-bb9f-11e8-b2b9-ac1f6b6435d0,0 25,train
ff9f759e-bbc4-11e8-b2bc-ac1f6b6435d0,0,train
f7682b10-bbc8-11e8-b2bc-ac1f6b6435d0,0,train
f7d59ab8-bbbb-11e8-b2ba-ac1f6b6435d0,0,train
f819e5e2-bba7-11e8-b2ba-ac1f6b6435d0,23,train
f309afc8-bbbc-11e8-b2ba-ac1f6b6435d0,0 25 19,train
fc05f26a-bbc8-11e8-b2bc-ac1f6b6435d0,25 6,train
fd4b22b6-bbc9-11e8-b2bc-ac1f6b6435d0,0 19,train
faf6a964-bbb4-11e8-b2ba-ac1f6b6435d0,26,train
f29e684e-bbc6-11e8-b2bc-ac1f6b6435d0,0 25 19,train
f60c8456-bbb8-11e8-b2ba-ac1f6b6435d0,11 21,train
f7626c2e-bbba-11e8-b2ba-ac1f6b6435d0,0 6,train
f2aebfb4-bb9e-11e8-b2b9-ac1f6b6435d0,0 3,train
fd4ef438-bbc2-11e8-b2bc-ac1f6b6435d0,23,train
fdf03522-bba0-11e8-b2b9-ac1f6b6435d0,0 7,train
fad1868a-bbc2-11e8-b2bc-ac1f6b6435d0,4,train
f2b85bfa-bbb2-11e8-b2ba-ac1f6b6435d0,0 7,train
f163c76a-bba0-11e8-b2b9-ac1f6b6435d0,0 1,train
fece0248-bbc4-11e8-b2bc-ac1f6b6435d0,0,train
f0ce8304-bbc2-11e8-b2bc-ac1f6b6435d0,21,train
f20f1770-bbc6-11e8-b2bc-ac1f6b6435d0,3,train
f2bdfd46-bbc9-11e8-b2bc-ac1f6b6435d0,2,train
ff809516-bbba-11e8-b2ba-ac1f6b6435d0,25 2,train
f4e2cd7a-bb99-11e8-b2b9-ac1f6b6435d0,0 25,train
f7ada648-bba7-11e8-b2ba-ac1f6b6435d0,25 21,train
f51126c8-bbbe-11e8-b2ba-ac1f6b6435d0,7,train
fc244a4c-bbb6-11e8-b2ba-ac1f6b6435d0,21 23,train
fed441ce-bb99-11e8-b2b9-ac1f6b6435d0,25 22 7,train
f6291124-bbc3-11e8-b2bc-ac1f6b6435d0,0 26,train
f9e69860-bbb2-11e8-b2ba-ac1f6b6435d0,0 3,train
fd96b1e4-bbb6-11e8-b2ba-ac1f6b6435d0,0 25 11,train
fd808b86-bbba-11e8-b2ba-ac1f6b6435d0,0 23,train
f71b0de4-bbaf-11e8-b2ba-ac1f6b6435d0,0 5,train
f52bfa16-bba5-11e8-b2ba-ac1f6b6435d0,25,train
f3e7b1d2-bba4-11e8-b2ba-ac1f6b6435d0,0 21,train
f6a96e14-bbc8-11e8-b2bc-ac1f6b6435d0,23,train
fca8180c-bba9-11e8-b2ba-ac1f6b6435d0,0 25 26,train
fbdf5c26-bbb5-11e8-b2ba-ac1f6b6435d0,21,train
fa77426e-bbbe-11e8-b2ba-ac1f6b6435d0,25,train
fe2f2110-bbc8-11e8-b2bc-ac1f6b6435d0,25 3,train
f290a34c-bbb4-11e8-b2ba-ac1f6b6435d0,0 25 5,train
fd41122e-bba8-11e8-b2ba-ac1f6b6435d0,25 2,train
f0d92e68-bbad-11e8-b2ba-ac1f6b6435d0,0 2,train
f59201e4-bbb4-11e8-b2ba-ac1f6b6435d0,2,train
fd6ebade-bb9a-11e8-b2b9-ac1f6b6435d0,25 4,train
f6f2068a-bba3-11e8-b2b9-ac1f6b6435d0,4,train
ff326f94-bbb0-11e8-b2ba-ac1f6b6435d0,2,train
f02c6eca-bbb3-11e8-b2ba-ac1f6b6435d0,7,train
f26144dc-bb9e-11e8-b2b9-ac1f6b6435d0,25 2,train
f4361382-bbb7-11e8-b2ba-ac1f6b6435d0,0 25,train
f8b7c0da-bbc7-11e8-b2bc-ac1f6b6435d0,18,train
f319de76-bbac-11e8-b2ba-ac1f6b6435d0,0 25 14,train
f7ef3f9a-bbb1-11e8-b2ba-ac1f6b6435d0,2,train
fe04b38e-bbab-11e8-b2ba-ac1f6b6435d0,4,train
f9169c6e-bba3-11e8-b2b9-ac1f6b6435d0,0 23,train
f9946a30-bbb8-11e8-b2ba-ac1f6b6435d0,0 23,train
f8efa550-bbb7-11e8-b2ba-ac1f6b6435d0,0 12 21,train
fa5094a0-bb9d-11e8-b2b9-ac1f6b6435d0,4,train
f9c75976-bbbe-11e8-b2ba-ac1f6b6435d0,0 2,train
f8a2898c-bb9e-11e8-b2b9-ac1f6b6435d0,25 14,train
f6bcf188-bbb3-11e8-b2ba-ac1f6b6435d0,19,train
fe754680-bb9c-11e8-b2b9-ac1f6b6435d0,21,train
f99e88ec-bbb5-11e8-b2ba-ac1f6b6435d0,1 7,train
f18ddcb6-bbab-11e8-b2ba-ac1f6b6435d0,4,train
fdb29eb0-bbc8-11e8-b2bc-ac1f6b6435d0,4,train
f8555cca-bbbc-11e8-b2ba-ac1f6b6435d0,5,train
fd20efce-bb9b-11e8-b2b9-ac1f6b6435d0,5 22,train
f7f26288-bbb1-11e8-b2ba-ac1f6b6435d0,0 3 19,train
f5839872-bb99-11e8-b2b9-ac1f6b6435d0,25 4,train
f1e0fa40-bbbf-11e8-b2bb-ac1f6b6435d0,18,train
f543e75a-bba7-11e8-b2ba-ac1f6b6435d0,0 2,train
fee2ce34-bbc5-11e8-b2bc-ac1f6b6435d0,21,train
fec0d944-bb9f-11e8-b2b9-ac1f6b6435d0,0 25,train
fe49707c-bbb6-11e8-b2ba-ac1f6b6435d0,0 12 21,train
f09a444a-bbb8-11e8-b2ba-ac1f6b6435d0,0 1 23,train
fbddf740-bbac-11e8-b2ba-ac1f6b6435d0,0 2,train
f2806e7a-bbbc-11e8-b2ba-ac1f6b6435d0,23,train
f493ebd6-bbc3-11e8-b2bc-ac1f6b6435d0,25 5,train
f5732684-bbc3-11e8-b2bc-ac1f6b6435d0,13,train
fb663840-bba2-11e8-b2b9-ac1f6b6435d0,5 21,train
fb4ca86a-bbae-11e8-b2ba-ac1f6b6435d0,14,train
fbed7bba-bbc1-11e8-b2bb-ac1f6b6435d0,4,train
f7596a70-bbab-11e8-b2ba-ac1f6b6435d0,25 7,train
f31837a6-bba2-11e8-b2b9-ac1f6b6435d0,14,train
fecf31b6-bbb7-11e8-b2ba-ac1f6b6435d0,0 18,train
fef70f1e-bbb8-11e8-b2ba-ac1f6b6435d0,0 2 7,train
f523f1a2-bba2-11e8-b2b9-ac1f6b6435d0,7,train
febd613a-bb9d-11e8-b2b9-ac1f6b6435d0,23,train
f42c56dc-bba1-11e8-b2b9-ac1f6b6435d0,25,train
febfd234-bbc6-11e8-b2bc-ac1f6b6435d0,26,train
f624c4ca-bbc3-11e8-b2bc-ac1f6b6435d0,0 21,train
fd079da2-bb9c-11e8-b2b9-ac1f6b6435d0,0 25,train
ff4e19c4-bbbf-11e8-b2bb-ac1f6b6435d0,23,train
f867c366-bbbb-11e8-b2ba-ac1f6b6435d0,0 3,train
f276bec8-bbbe-11e8-b2ba-ac1f6b6435d0,2 11 22,train
f0c238b4-bbbe-11e8-b2ba-ac1f6b6435d0,7,train
f2474eb4-bbae-11e8-b2ba-ac1f6b6435d0,25 2 21,train
fb7902ec-bbbe-11e8-b2ba-ac1f6b6435d0,0,train
fcb70c22-bbc2-11e8-b2bc-ac1f6b6435d0,3,train
ffb6fb76-bba9-11e8-b2ba-ac1f6b6435d0,0,train
f1954524-bbc8-11e8-b2bc-ac1f6b6435d0,0 18,train
fc495912-bbb2-11e8-b2ba-ac1f6b6435d0,5,train
fb2aa040-bbb7-11e8-b2ba-ac1f6b6435d0,2 7,train
ff71ef92-bbbb-11e8-b2ba-ac1f6b6435d0,23,train
ffe454e6-bb99-11e8-b2b9-ac1f6b6435d0,16 14,train
f29a9c56-bba7-11e8-b2ba-ac1f6b6435d0,25,train
f5baae8e-bbc1-11e8-b2bb-ac1f6b6435d0,0 21,train
fa56d06a-bbaf-11e8-b2ba-ac1f6b6435d0,23,train
f4e27244-bbc1-11e8-b2bb-ac1f6b6435d0,21,train
fb513530-bb9d-11e8-b2b9-ac1f6b6435d0,0 25,train
f8820d46-bbb3-11e8-b2ba-ac1f6b6435d0,0 16,train
fd87c11e-bba9-11e8-b2ba-ac1f6b6435d0,1,train
f60ad1ee-bbac-11e8-b2ba-ac1f6b6435d0,22,train
f698c89e-bbae-11e8-b2ba-ac1f6b6435d0,23,train
fe984c70-bba1-11e8-b2b9-ac1f6b6435d0,5,train
fef0208e-bbac-11e8-b2ba-ac1f6b6435d0,25,train
f3835150-bbc3-11e8-b2bc-ac1f6b6435d0,14,train
fe8ccdd4-bbc7-11e8-b2bc-ac1f6b6435d0,0 24 5,train
fd246e66-bb9a-11e8-b2b9-ac1f6b6435d0,20,train
f702cb66-bbc4-11e8-b2bc-ac1f6b6435d0,25 5 7,train
fb273d40-bbbe-11e8-b2ba-ac1f6b6435d0,0 2,train
fe2027c2-bb9c-11e8-b2b9-ac1f6b6435d0,14,train
f1e532e8-bb99-11e8-b2b9-ac1f6b6435d0,4,train
fe3dea54-bbb6-11e8-b2ba-ac1f6b6435d0,19,train
f5c160fe-bbb1-11e8-b2ba-ac1f6b6435d0,0,train
fe82c6b6-bbc4-11e8-b2bc-ac1f6b6435d0,0 21,train
f5cf8f90-bbc9-11e8-b2bc-ac1f6b6435d0,0 5,train
f0ae2c52-bb9b-11e8-b2b9-ac1f6b6435d0,0,train
f5fee39c-bbc1-11e8-b2bb-ac1f6b6435d0,1 21,train
fef9703e-bb9e-11e8-b2b9-ac1f6b6435d0,21,train
f62e3cc0-bba1-11e8-b2b9-ac1f6b6435d0,3,train
f6c65dda-bbbe-11e8-b2ba-ac1f6b6435d0,19,train
f1851ca0-bbb2-11e8-b2ba-ac1f6b6435d0,5,train
fa6ea0a8-bbc5-11e8-b2bc-ac1f6b6435d0,25,train
f4897742-bbbd-11e8-b2ba-ac1f6b6435d0,0,train
f5453baa-bba2-11e8-b2b9-ac1f6b6435d0,0 25 12,train
feb7d636-bbc3-11e8-b2bc-ac1f6b6435d0,24 18,train
f2b90914-bbc2-11e8-b2bc-ac1f6b6435d0,0 3,train
fa3402e2-bbb9-11e8-b2ba-ac1f6b6435d0,0 5,train
f5a8a99a-bba9-11e8-b2ba-ac1f6b6435d0,21,train
f3fc22c4-bbbe-11e8-b2ba-ac1f6b6435d0,25 11,train
f7186b9c-bbbf-11e8-b2bb-ac1f6b6435d0,0 2 26,train
f2430da2-bbc4-11e8-b2bc-ac1f6b6435d0,0,train
f5115744-bbad-11e8-b2ba-ac1f6b6435d0,25,train
fbaac986-bbb3-11e8-b2ba-ac1f6b6435d0,25 5,train
ff3933ce-bbbf-11e8-b2bb-ac1f6b6435d0,3,train
f4752cf4-bbbf-11e8-b2bb-ac1f6b6435d0,0 2,train
f2963a16-bbad-11e8-b2ba-ac1f6b6435d0,0,train
f0aabc12-bbb3-11e8-b2ba-ac1f6b6435d0,12 23,train
f5b6f5c0-bbc4-11e8-b2bc-ac1f6b6435d0,0 21,train
fb8e76fc-bbb6-11e8-b2ba-ac1f6b6435d0,14,train
ffed4430-bbac-11e8-b2ba-ac1f6b6435d0,21,train
f1026420-bbaf-11e8-b2ba-ac1f6b6435d0,11,train
f310e258-bbb1-11e8-b2ba-ac1f6b6435d0,11,train
fc0796a0-bba6-11e8-b2ba-ac1f6b6435d0,25 21,train
f241ecc0-bb9b-11e8-b2b9-ac1f6b6435d0,3 4,train
fe206e68-bb9b-11e8-b2b9-ac1f6b6435d0,23,train
fcd1c60a-bbb0-11e8-b2ba-ac1f6b6435d0,11 21,train
ffc8820a-bbc8-11e8-b2bc-ac1f6b6435d0,25 7,train
fdcea808-bbaf-11e8-b2ba-ac1f6b6435d0,5,train
f18822e4-bbc4-11e8-b2bc-ac1f6b6435d0,4,train
f6e7f58e-bba6-11e8-b2ba-ac1f6b6435d0,0,train
f403aef4-bba5-11e8-b2ba-ac1f6b6435d0,25 2,train
fca003a0-bbaa-11e8-b2ba-ac1f6b6435d0,25 2,train
fc0ba4c6-bbbe-11e8-b2ba-ac1f6b6435d0,4 22,train
fc84a97c-bbad-11e8-b2ba-ac1f6b6435d0,0 4,train
f7afc760-bbbc-11e8-b2ba-ac1f6b6435d0,0 25 2,train
fb764be4-bbbc-11e8-b2ba-ac1f6b6435d0,5,train
ff0c262a-bbad-11e8-b2ba-ac1f6b6435d0,25 21,train
f030c696-bb9a-11e8-b2b9-ac1f6b6435d0,6,train
f83b7a92-bbb9-11e8-b2ba-ac1f6b6435d0,0 5,train
f5d5eb58-bba4-11e8-b2ba-ac1f6b6435d0,25 4,train
f22d82a8-bbaf-11e8-b2ba-ac1f6b6435d0,25 21,train
fcea43a2-bba5-11e8-b2ba-ac1f6b6435d0,0 7,train
f33eff60-bbbd-11e8-b2ba-ac1f6b6435d0,6,train
f377e4c8-bbc8-11e8-b2bc-ac1f6b6435d0,25 7,train
f4603458-bbaf-11e8-b2ba-ac1f6b6435d0,9,train
fa32b0fe-bbaa-11e8-b2ba-ac1f6b6435d0,0 24 2,train
f02ceacc-bbb7-11e8-b2ba-ac1f6b6435d0,0 16,train
f1c2848e-bbb0-11e8-b2ba-ac1f6b6435d0,25,train
f0a34b96-bbc5-11e8-b2bc-ac1f6b6435d0,0 7,train
f60a1516-bba1-11e8-b2b9-ac1f6b6435d0,0 1,train
fcf1060a-bbb5-11e8-b2ba-ac1f6b6435d0,25 6,train
f56b7aac-bba4-11e8-b2ba-ac1f6b6435d0,0 19,train
fe3955b4-bb9f-11e8-b2b9-ac1f6b6435d0,6,train
f08d4924-bbbe-11e8-b2ba-ac1f6b6435d0,25 2,train
f95ee9b4-bbae-11e8-b2ba-ac1f6b6435d0,0 2,train
f9a07e1c-bbb1-11e8-b2ba-ac1f6b6435d0,0 22,train
f445cdba-bba6-11e8-b2ba-ac1f6b6435d0,25 2 6,train
f82e8ed4-bb9d-11e8-b2b9-ac1f6b6435d0,14,train
f85a0328-bbae-11e8-b2ba-ac1f6b6435d0,2,train
f3d6f846-bbc8-11e8-b2bc-ac1f6b6435d0,0 1 19,train
f38e8c7a-bbb2-11e8-b2ba-ac1f6b6435d0,5,train
f03dd1fc-bbbc-11e8-b2ba-ac1f6b6435d0,23,train
f2ed351a-bba7-11e8-b2ba-ac1f6b6435d0,0 7,train
f6b23780-bbbc-11e8-b2ba-ac1f6b6435d0,0 25 23,train
f1ede6e4-bb9a-11e8-b2b9-ac1f6b6435d0,25,train
f87b4438-bbc3-11e8-b2bc-ac1f6b6435d0,0 23,train
f6145a2e-bba8-11e8-b2ba-ac1f6b6435d0,1 21 25,train
f4274468-bbaa-11e8-b2ba-ac1f6b6435d0,0 5,train
fb596770-bba0-11e8-b2b9-ac1f6b6435d0,25 5,train
f5a88622-bbc2-11e8-b2bc-ac1f6b6435d0,23,train
f367cd10-bbb7-11e8-b2ba-ac1f6b6435d0,0 1,train
fd593b26-bbbf-11e8-b2bb-ac1f6b6435d0,2,train
f7eb2b34-bbc1-11e8-b2bb-ac1f6b6435d0,0 2,train
ff465e6a-bbaa-11e8-b2ba-ac1f6b6435d0,0 7,train
f82af182-bbc2-11e8-b2bc-ac1f6b6435d0,21 13,train
f4acb864-bba0-11e8-b2b9-ac1f6b6435d0,0 25,train
fb750bcc-bb9d-11e8-b2b9-ac1f6b6435d0,5,train
fa7ef244-bba9-11e8-b2ba-ac1f6b6435d0,21,train
fe89d1bc-bbb1-11e8-b2ba-ac1f6b6435d0,0,train
ff5648bc-bbb8-11e8-b2ba-ac1f6b6435d0,0 25 7,train
fb5642a8-bbb8-11e8-b2ba-ac1f6b6435d0,0,train
f041df7c-bbb2-11e8-b2ba-ac1f6b6435d0,0 4,train
f8da2628-bbab-11e8-b2ba-ac1f6b6435d0,0 19,train
fb4f0e6a-bbaf-11e8-b2ba-ac1f6b6435d0,0,train
f59d1656-bbaa-11e8-b2ba-ac1f6b6435d0,0 2,train
f779377a-bbaf-11e8-b2ba-ac1f6b6435d0,2,train
f1394318-bbb0-11e8-b2ba-ac1f6b6435d0,0 23,train
fd5d26d6-bba7-11e8-b2ba-ac1f6b6435d0,5,train
f6374af2-bbbc-11e8-b2ba-ac1f6b6435d0,5,train
f790af30-bba6-11e8-b2ba-ac1f6b6435d0,0 1,train
f95980c2-bbb4-11e8-b2ba-ac1f6b6435d0,19,train
fc7a47ba-bba4-11e8-b2ba-ac1f6b6435d0,0 4,train
f2cd8a1a-bbb3-11e8-b2ba-ac1f6b6435d0,0 25 7,train
ff161044-bb9f-11e8-b2b9-ac1f6b6435d0,2,train
f78bf7c0-bb9b-11e8-b2b9-ac1f6b6435d0,25,train
fdded9c0-bba1-11e8-b2b9-ac1f6b6435d0,2 11,train
fcde8c06-bbb4-11e8-b2ba-ac1f6b6435d0,14,train
f2fae65e-bbae-11e8-b2ba-ac1f6b6435d0,0,train
f8a6f424-bba6-11e8-b2ba-ac1f6b6435d0,5,train
f3f40778-bbbf-11e8-b2bb-ac1f6b6435d0,2 23,train
feb36886-bbb8-11e8-b2ba-ac1f6b6435d0,0 2 7,train
f767ce5a-bbbd-11e8-b2ba-ac1f6b6435d0,0 7,train
f957d6e6-bbaa-11e8-b2ba-ac1f6b6435d0,0,train
f1d0e944-bbbe-11e8-b2ba-ac1f6b6435d0,0 25,train
fa08c0ee-bba2-11e8-b2b9-ac1f6b6435d0,0 25 5,train
f606b43a-bbb4-11e8-b2ba-ac1f6b6435d0,21,train
f93e8932-bba2-11e8-b2b9-ac1f6b6435d0,21,train
f6e49216-bbb7-11e8-b2ba-ac1f6b6435d0,25 21,train
f7014dbe-bbbe-11e8-b2ba-ac1f6b6435d0,0 21,train
f4cb37d6-bbbd-11e8-b2ba-ac1f6b6435d0,2,train
f5682cd8-bbc9-11e8-b2bc-ac1f6b6435d0,23,train
fd2d5ec8-bbad-11e8-b2ba-ac1f6b6435d0,0 25,train
f5dd5158-bbbe-11e8-b2ba-ac1f6b6435d0,0 21,train
f6285784-bbaf-11e8-b2ba-ac1f6b6435d0,0 25 2 11,train
f914666a-bbc6-11e8-b2bc-ac1f6b6435d0,0 2,train
f85ccc64-bbb5-11e8-b2ba-ac1f6b6435d0,19,train
f06a72ce-bbbd-11e8-b2ba-ac1f6b6435d0,0 16,train
f0e35860-bba4-11e8-b2ba-ac1f6b6435d0,18,train
f84139be-bb9b-11e8-b2b9-ac1f6b6435d0,23,train
f103eeb2-bbaf-11e8-b2ba-ac1f6b6435d0,23,train
f828effa-bbb7-11e8-b2ba-ac1f6b6435d0,0 6,train
fc910d10-bbb8-11e8-b2ba-ac1f6b6435d0,0 7,train
f9f0d1ae-bbb7-11e8-b2ba-ac1f6b6435d0,25 21,train
ff2943c0-bbbe-11e8-b2ba-ac1f6b6435d0,0 25 12,train
ff882fde-bb9b-11e8-b2b9-ac1f6b6435d0,0 11,train
ff8a089a-bbb4-11e8-b2ba-ac1f6b6435d0,0 11,train
f6dc9f94-bba7-11e8-b2ba-ac1f6b6435d0,0 2,train
f6b419fc-bbb6-11e8-b2ba-ac1f6b6435d0,0,train
f2726e12-bba6-11e8-b2ba-ac1f6b6435d0,25 3,train
f752d580-bbc8-11e8-b2bc-ac1f6b6435d0,3,train
fed6f4bc-bbc3-11e8-b2bc-ac1f6b6435d0,25,train
fe9d974c-bba2-11e8-b2b9-ac1f6b6435d0,25 19,train
fdaa6678-bbbe-11e8-b2ba-ac1f6b6435d0,13,train
fb2f26a2-bba7-11e8-b2ba-ac1f6b6435d0,7,train
f4ca8244-bb9c-11e8-b2b9-ac1f6b6435d0,1 22 23,train
faf6d894-bba5-11e8-b2ba-ac1f6b6435d0,0 25 2 19,train
f6265d48-bbba-11e8-b2ba-ac1f6b6435d0,1 25,train
f0342950-bbc0-11e8-b2bb-ac1f6b6435d0,7,train
f23961ba-bb99-11e8-b2b9-ac1f6b6435d0,0 13,train
f6defda6-bbb7-11e8-b2ba-ac1f6b6435d0,4,train
fc8b645c-bbc0-11e8-b2bb-ac1f6b6435d0,6,train
f228238a-bbb4-11e8-b2ba-ac1f6b6435d0,0 1 18,train
f5cb5896-bba9-11e8-b2ba-ac1f6b6435d0,7,train
f2da5892-bbc4-11e8-b2bc-ac1f6b6435d0,0 25,train
fdd07c04-bbab-11e8-b2ba-ac1f6b6435d0,4,train
fa869452-bbb5-11e8-b2ba-ac1f6b6435d0,1,train
f073d508-bbc7-11e8-b2bc-ac1f6b6435d0,0 16 14,train
fba61074-bbba-11e8-b2ba-ac1f6b6435d0,21,train
fa78198c-bbc3-11e8-b2bc-ac1f6b6435d0,0 2 22,train
fd4d69a6-bbb3-11e8-b2ba-ac1f6b6435d0,25 11,train
fb011518-bba8-11e8-b2ba-ac1f6b6435d0,23,train
f615ee5c-bbad-11e8-b2ba-ac1f6b6435d0,0 24,train
face1b5c-bbc8-11e8-b2bc-ac1f6b6435d0,0 7,train
fae6b298-bbb9-11e8-b2ba-ac1f6b6435d0,0,train
fc0867d8-bba1-11e8-b2b9-ac1f6b6435d0,0 1 18,train
f884d3d2-bbb3-11e8-b2ba-ac1f6b6435d0,0 25,train
fce6a386-bbb0-11e8-b2ba-ac1f6b6435d0,0 19 22,train
f4df0476-bbba-11e8-b2ba-ac1f6b6435d0,25,train
f3570c88-bbc0-11e8-b2bb-ac1f6b6435d0,4,train
f34074ec-bbab-11e8-b2ba-ac1f6b6435d0,25 4 21,train
f9a5edd2-bbc7-11e8-b2bc-ac1f6b6435d0,23,train
f2699fba-bbb2-11e8-b2ba-ac1f6b6435d0,25,train
f309aa9e-bbb4-11e8-b2ba-ac1f6b6435d0,0 5,train
f847bfa8-bbc0-11e8-b2bb-ac1f6b6435d0,0 23,train
fef81242-bbb8-11e8-b2ba-ac1f6b6435d0,0 16 25,train
f3b4eefc-bbb1-11e8-b2ba-ac1f6b6435d0,1,train
fd8d9c02-bb99-11e8-b2b9-ac1f6b6435d0,0 25,train
f46ba956-bbae-11e8-b2ba-ac1f6b6435d0,25 3,train
f684a63e-bb9f-11e8-b2b9-ac1f6b6435d0,25,train
f0fa9bb4-bba0-11e8-b2b9-ac1f6b6435d0,0 25 21,train
fdd50142-bbb6-11e8-b2ba-ac1f6b6435d0,7,train
f43e322e-bbc6-11e8-b2bc-ac1f6b6435d0,5,train
f94eaad2-bbbc-11e8-b2ba-ac1f6b6435d0,0 19,train
ffd23be4-bba3-11e8-b2b9-ac1f6b6435d0,5,train
fbf5dce6-bbb3-11e8-b2ba-ac1f6b6435d0,25,train
ffa65b3c-bba8-11e8-b2ba-ac1f6b6435d0,25 5,train
f333ab42-bbc2-11e8-b2bc-ac1f6b6435d0,0 2,train
f49e56b4-bbb1-11e8-b2ba-ac1f6b6435d0,25,train
fa750eac-bba7-11e8-b2ba-ac1f6b6435d0,25 7,train
f039efa8-bbba-11e8-b2ba-ac1f6b6435d0,2 21,train
fe5f31a8-bbb3-11e8-b2ba-ac1f6b6435d0,2,train
f95a0c4a-bb9b-11e8-b2b9-ac1f6b6435d0,18,train
f67cd814-bbb3-11e8-b2ba-ac1f6b6435d0,11,train
f7e13070-bba8-11e8-b2ba-ac1f6b6435d0,5,train
f089726a-bba3-11e8-b2b9-ac1f6b6435d0,14,train
fea2b838-bbbd-11e8-b2ba-ac1f6b6435d0,25 3,train
fd922b6e-bbc1-11e8-b2bb-ac1f6b6435d0,23,train
f88d7476-bbc0-11e8-b2bb-ac1f6b6435d0,0 25 7,train
f689729a-bba4-11e8-b2ba-ac1f6b6435d0,0 19,train
f61e2b24-bbaa-11e8-b2ba-ac1f6b6435d0,25,train
fc75e910-bbbb-11e8-b2ba-ac1f6b6435d0,0,train
f6e17e3e-bba6-11e8-b2ba-ac1f6b6435d0,7,train
f2aac41e-bbbb-11e8-b2ba-ac1f6b6435d0,0 1 25 7,train
fdf7a584-bba8-11e8-b2ba-ac1f6b6435d0,0 19,train
f79a6a02-bba1-11e8-b2b9-ac1f6b6435d0,25,train
f6625faa-bbb5-11e8-b2ba-ac1f6b6435d0,14,train
f7d61c6e-bbbf-11e8-b2bb-ac1f6b6435d0,16,train
f083a430-bba2-11e8-b2b9-ac1f6b6435d0,8 2,train
febc6112-bbad-11e8-b2ba-ac1f6b6435d0,23,train
ff0cb6c4-bbc8-11e8-b2bc-ac1f6b6435d0,25 3,train
f46bceb2-bbb4-11e8-b2ba-ac1f6b6435d0,5 14,train
f4204e14-bbc4-11e8-b2bc-ac1f6b6435d0,25 7,train
f3ec487a-bbc0-11e8-b2bb-ac1f6b6435d0,25 3 23,train
f1fb357c-bba1-11e8-b2b9-ac1f6b6435d0,0,train
fd5ec4b6-bbb9-11e8-b2ba-ac1f6b6435d0,0 25,train
f7a1ccce-bbb1-11e8-b2ba-ac1f6b6435d0,0 1,train
fc99fd3a-bbc7-11e8-b2bc-ac1f6b6435d0,0 21,train
fa5ab1c8-bbbc-11e8-b2ba-ac1f6b6435d0,8,train
fbfccb8c-bbbd-11e8-b2ba-ac1f6b6435d0,6,train
fa4ab0d4-bb99-11e8-b2b9-ac1f6b6435d0,25 21,train
f3f4eade-bbc0-11e8-b2bb-ac1f6b6435d0,25 7,train
fa8be8c8-bba4-11e8-b2ba-ac1f6b6435d0,6,train
f1051fd4-bbb0-11e8-b2ba-ac1f6b6435d0,7,train
f8384ba4-bba2-11e8-b2b9-ac1f6b6435d0,0 2,train
f65fd890-bb9a-11e8-b2b9-ac1f6b6435d0,14,train
fed15356-bbc6-11e8-b2bc-ac1f6b6435d0,0 21,train
f36a23bc-bba8-11e8-b2ba-ac1f6b6435d0,1 4,train
fcf3c2ec-bbb4-11e8-b2ba-ac1f6b6435d0,26,train
fcbe4fe4-bba6-11e8-b2ba-ac1f6b6435d0,0 19 11,train
fe9abefc-bbb4-11e8-b2ba-ac1f6b6435d0,0 21,train
fedb9b98-bbc3-11e8-b2bc-ac1f6b6435d0,0 2 21,train
f87d8378-bbc9-11e8-b2bc-ac1f6b6435d0,21,train
fdc1e952-bbc2-11e8-b2bc-ac1f6b6435d0,0 1 25,train
fef4fb24-bbb4-11e8-b2ba-ac1f6b6435d0,25 21,train
f047ffb4-bb9f-11e8-b2b9-ac1f6b6435d0,2 23,train
fba0918e-bbac-11e8-b2ba-ac1f6b6435d0,2,train
faf53202-bb99-11e8-b2b9-ac1f6b6435d0,0 2,train
f004469c-bbc8-11e8-b2bc-ac1f6b6435d0,5,train
fd8da0f8-bbc1-11e8-b2bb-ac1f6b6435d0,25 18,train
f73a14e6-bbb9-11e8-b2ba-ac1f6b6435d0,0 21,train
f34c5120-bbc1-11e8-b2bb-ac1f6b6435d0,0 6,train
f0776802-bbaa-11e8-b2ba-ac1f6b6435d0,21,train
fa11e9ac-bbad-11e8-b2ba-ac1f6b6435d0,22,train
f60fe09a-bbc9-11e8-b2bc-ac1f6b6435d0,7,train
f0daad2c-bbaa-11e8-b2ba-ac1f6b6435d0,0 1 21 7,train
f13e8008-bbb0-11e8-b2ba-ac1f6b6435d0,0,train
fb8f0c3e-bbac-11e8-b2ba-ac1f6b6435d0,7,train
f9237882-bbc4-11e8-b2bc-ac1f6b6435d0,0 3,train
fd3c66a4-bbb5-11e8-b2ba-ac1f6b6435d0,26,train
f4c4bd80-bba8-11e8-b2ba-ac1f6b6435d0,13,train
fdad1b26-bbb3-11e8-b2ba-ac1f6b6435d0,11,train
f71da978-bbb4-11e8-b2ba-ac1f6b6435d0,18,train
fdcbcbb0-bbb4-11e8-b2ba-ac1f6b6435d0,0 1 25,train
f0d7bbfa-bba8-11e8-b2ba-ac1f6b6435d0,4,train
fb12e69a-bb9d-11e8-b2b9-ac1f6b6435d0,25,train
fccf4c70-bba3-11e8-b2b9-ac1f6b6435d0,0 1,train
f6577b6e-bb9f-11e8-b2b9-ac1f6b6435d0,7,train
f48a4b40-bbb3-11e8-b2ba-ac1f6b6435d0,14,train
f856a15a-bbbe-11e8-b2ba-ac1f6b6435d0,0 2,train
f72ccc0a-bbb9-11e8-b2ba-ac1f6b6435d0,1 25,train
f33c0980-bb9b-11e8-b2b9-ac1f6b6435d0,5,train
f68c7988-bba2-11e8-b2b9-ac1f6b6435d0,7,train
f01999b2-bbc7-11e8-b2bc-ac1f6b6435d0,25 14,train
f08cb3e2-bbb9-11e8-b2ba-ac1f6b6435d0,2,train
f5f169ae-bbaa-11e8-b2ba-ac1f6b6435d0,17 7,train
f765a296-bbc3-11e8-b2bc-ac1f6b6435d0,21,train
f84778c2-bbac-11e8-b2ba-ac1f6b6435d0,25 5,train
fc0fd4ec-bbb4-11e8-b2ba-ac1f6b6435d0,0 23,train
f7091a9e-bbb9-11e8-b2ba-ac1f6b6435d0,0 16 18 17,train
f029388e-bb9c-11e8-b2b9-ac1f6b6435d0,0,train
f74068a8-bbb6-11e8-b2ba-ac1f6b6435d0,0 3,train
ff692f96-bb99-11e8-b2b9-ac1f6b6435d0,0 25,train
f803cff0-bba7-11e8-b2ba-ac1f6b6435d0,0 2 23,train
f4d416bc-bb9a-11e8-b2b9-ac1f6b6435d0,21,train
fb85e296-bbaf-11e8-b2ba-ac1f6b6435d0,23,train
f2a45608-bba0-11e8-b2b9-ac1f6b6435d0,5,train
fef961b4-bbaf-11e8-b2ba-ac1f6b6435d0,0 21,train
fe32a0c6-bbbc-11e8-b2ba-ac1f6b6435d0,20,train
fd49bf46-bbc1-11e8-b2bb-ac1f6b6435d0,0,train
fd992f02-bba5-11e8-b2ba-ac1f6b6435d0,0 21,train
f7996026-bbb5-11e8-b2ba-ac1f6b6435d0,25 21,train
fa27a992-bbba-11e8-b2ba-ac1f6b6435d0,5,train
f508fe1e-bb99-11e8-b2b9-ac1f6b6435d0,0 23,train
f5913b78-bb9c-11e8-b2b9-ac1f6b6435d0,25 23,train
f4eee4ca-bbbc-11e8-b2ba-ac1f6b6435d0,0 16 14,train
f52a61ce-bbaf-11e8-b2ba-ac1f6b6435d0,25 2 23,train
f6edbcc2-bbc8-11e8-b2bc-ac1f6b6435d0,25,train
f547a8de-bba4-11e8-b2ba-ac1f6b6435d0,25 7,train
f90bbe86-bb9c-11e8-b2b9-ac1f6b6435d0,0 21,train
f733c348-bbb4-11e8-b2ba-ac1f6b6435d0,0 25 18,train
f2c08ad0-bbaf-11e8-b2ba-ac1f6b6435d0,0,train
f0c9ffda-bba1-11e8-b2b9-ac1f6b6435d0,0 25,train
f5abbaa0-bba3-11e8-b2b9-ac1f6b6435d0,0 25,train
f870ef7a-bba9-11e8-b2ba-ac1f6b6435d0,25 23,train
fb4cd978-bba6-11e8-b2ba-ac1f6b6435d0,0,train
f4e12c8a-bbb3-11e8-b2ba-ac1f6b6435d0,18,train
f46f03a4-bb99-11e8-b2b9-ac1f6b6435d0,0 17,train
f5dcef62-bbb2-11e8-b2ba-ac1f6b6435d0,25 5,train
f4b13826-bbbe-11e8-b2ba-ac1f6b6435d0,25 6,train
ffb610c6-bbb8-11e8-b2ba-ac1f6b6435d0,0 11,train
f45b2fe4-bbb9-11e8-b2ba-ac1f6b6435d0,0 21,train
ff8dd0d0-bbad-11e8-b2ba-ac1f6b6435d0,19,train
f90c68c2-bbba-11e8-b2ba-ac1f6b6435d0,26,train
fbd1eb62-bb9d-11e8-b2b9-ac1f6b6435d0,25,train
f1e3e16a-bbbf-11e8-b2bb-ac1f6b6435d0,23,train
fe580720-bba9-11e8-b2ba-ac1f6b6435d0,18,train
f48dc26c-bba3-11e8-b2b9-ac1f6b6435d0,7,train
fb671240-bbbd-11e8-b2ba-ac1f6b6435d0,14,train
f0fcc2fa-bbb3-11e8-b2ba-ac1f6b6435d0,1,train
f4a4e668-bba8-11e8-b2ba-ac1f6b6435d0,0 25 23,train
f5ccb30e-bbc6-11e8-b2bc-ac1f6b6435d0,18 21,train
fbd24be2-bbbc-11e8-b2ba-ac1f6b6435d0,25 3,train
fda31764-bbab-11e8-b2ba-ac1f6b6435d0,0 5,train
f0d2708e-bbba-11e8-b2ba-ac1f6b6435d0,19,train
fe703dc4-bba7-11e8-b2ba-ac1f6b6435d0,0,train
fa9686ae-bbc0-11e8-b2bb-ac1f6b6435d0,0 25 22,train
f5ffe100-bb9b-11e8-b2b9-ac1f6b6435d0,2 13,train
f0e14c32-bbb3-11e8-b2ba-ac1f6b6435d0,0 3 7,train
f7b12162-bbbe-11e8-b2ba-ac1f6b6435d0,25 21,train
f9c5da1e-bbb5-11e8-b2ba-ac1f6b6435d0,0 16 25,train
fe09c0d8-bb9f-11e8-b2b9-ac1f6b6435d0,0 21,train
feb34c94-bbbc-11e8-b2ba-ac1f6b6435d0,0 2 11,train
f3ac1598-bbc5-11e8-b2bc-ac1f6b6435d0,0 25,train
fc7911e6-bb9b-11e8-b2b9-ac1f6b6435d0,24,train
f9f2bac2-bbc7-11e8-b2bc-ac1f6b6435d0,18,train
f882855a-bba9-11e8-b2ba-ac1f6b6435d0,0 2,train
f0b45bc6-bbc9-11e8-b2bc-ac1f6b6435d0,7,train
f6c54a82-bb9e-11e8-b2b9-ac1f6b6435d0,11,train
f1d150d6-bbc9-11e8-b2bc-ac1f6b6435d0,0 2,train
fd26f4d0-bbc0-11e8-b2bb-ac1f6b6435d0,23,train
ff3fc0e2-bbb3-11e8-b2ba-ac1f6b6435d0,0 25,train
faaaeb42-bb9a-11e8-b2b9-ac1f6b6435d0,21,train
fabd1bae-bbc8-11e8-b2bc-ac1f6b6435d0,22,train
fcc35f9a-bb9a-11e8-b2b9-ac1f6b6435d0,4,train
fcff72fc-bbb1-11e8-b2ba-ac1f6b6435d0,0 25 2,train
ffeae6f0-bbc9-11e8-b2bc-ac1f6b6435d0,0 25,train
f5b629aa-bbbb-11e8-b2ba-ac1f6b6435d0,8,train
fef66614-bbb2-11e8-b2ba-ac1f6b6435d0,0 25,train
fc7a16aa-bba9-11e8-b2ba-ac1f6b6435d0,26 21,train
fb4afef0-bbab-11e8-b2ba-ac1f6b6435d0,16 7,train
f93f20fc-bba9-11e8-b2ba-ac1f6b6435d0,16 24,train
f004549e-bb9a-11e8-b2b9-ac1f6b6435d0,0 25 2,train
f02012e6-bbb4-11e8-b2ba-ac1f6b6435d0,0 7,train
f6619b52-bbc3-11e8-b2bc-ac1f6b6435d0,4,train
f4d347d4-bb9d-11e8-b2b9-ac1f6b6435d0,25 5,train
fec05240-bb9e-11e8-b2b9-ac1f6b6435d0,0 25,train
f57c1f90-bbbf-11e8-b2bb-ac1f6b6435d0,6,train
f40467aa-bbc7-11e8-b2bc-ac1f6b6435d0,19,train
f3a55128-bbc9-11e8-b2bc-ac1f6b6435d0,25,train
f034433a-bba8-11e8-b2ba-ac1f6b6435d0,25 18,train
f6b8b06a-bb99-11e8-b2b9-ac1f6b6435d0,0 2 7,train
fed27984-bba3-11e8-b2b9-ac1f6b6435d0,7,train
f2c50bd0-bba2-11e8-b2b9-ac1f6b6435d0,0 23,train
f923ea0e-bba3-11e8-b2b9-ac1f6b6435d0,19,train
fce562f4-bb9d-11e8-b2b9-ac1f6b6435d0,5,train
f9394786-bbbd-11e8-b2ba-ac1f6b6435d0,0 21,train
f2e66cc2-bbb5-11e8-b2ba-ac1f6b6435d0,2,train
f9e0d4ba-bbc2-11e8-b2bc-ac1f6b6435d0,25 2 12,train
f567076c-bba2-11e8-b2b9-ac1f6b6435d0,23,train
ffb74ef0-bbae-11e8-b2ba-ac1f6b6435d0,0 7,train
f22eb078-bbab-11e8-b2ba-ac1f6b6435d0,12,train
f584aeaa-bbae-11e8-b2ba-ac1f6b6435d0,4,train
f6737566-bbaa-11e8-b2ba-ac1f6b6435d0,3,train
f3a8d750-bbb3-11e8-b2ba-ac1f6b6435d0,25,train
f2421812-bbb4-11e8-b2ba-ac1f6b6435d0,23,train
f9b539ea-bbc2-11e8-b2bc-ac1f6b6435d0,24 5,train
f79f5c7e-bbba-11e8-b2ba-ac1f6b6435d0,5,train
f51acc08-bbb1-11e8-b2ba-ac1f6b6435d0,14,train
fb4c31ba-bbc1-11e8-b2bb-ac1f6b6435d0,0 21,train
f1819100-bbaa-11e8-b2ba-ac1f6b6435d0,23,train
f35075c6-bbc5-11e8-b2bc-ac1f6b6435d0,25 5,train
f6448db0-bbbd-11e8-b2ba-ac1f6b6435d0,23,train
f627ad0a-bbc5-11e8-b2bc-ac1f6b6435d0,4,train
ffd298f4-bbc7-11e8-b2bc-ac1f6b6435d0,0 25,train
f659b9b2-bba2-11e8-b2b9-ac1f6b6435d0,2,train
f640b4d4-bb99-11e8-b2b9-ac1f6b6435d0,19,train
f84a6350-bba9-11e8-b2ba-ac1f6b6435d0,25 5,train
f131d406-bbb1-11e8-b2ba-ac1f6b6435d0,25 7,train
f0cf4334-bb9a-11e8-b2b9-ac1f6b6435d0,1 5,train
f21ab7c8-bbb8-11e8-b2ba-ac1f6b6435d0,23,train
fc6405e8-bbab-11e8-b2ba-ac1f6b6435d0,0 1 2 7,train
f49e6106-bb9b-11e8-b2b9-ac1f6b6435d0,0,train
f88ce9de-bbbb-11e8-b2ba-ac1f6b6435d0,0 2,train
f457af9a-bbaf-11e8-b2ba-ac1f6b6435d0,0 2,train
fc06a2e2-bbc2-11e8-b2bc-ac1f6b6435d0,26,train
f619c46c-bbaa-11e8-b2ba-ac1f6b6435d0,6,train
fb988346-bba1-11e8-b2b9-ac1f6b6435d0,0 25 5,train
fb82830c-bbab-11e8-b2ba-ac1f6b6435d0,0,train
fa7f62ce-bbb3-11e8-b2ba-ac1f6b6435d0,0 21,train
f8285bc2-bbc5-11e8-b2bc-ac1f6b6435d0,0,train
fa7c93b8-bba0-11e8-b2b9-ac1f6b6435d0,19,train
fad37608-bbad-11e8-b2ba-ac1f6b6435d0,12,train
f8ee7232-bbc3-11e8-b2bc-ac1f6b6435d0,6,train
f271302c-bbc6-11e8-b2bc-ac1f6b6435d0,0 2 21,train
fa308414-bbc3-11e8-b2bc-ac1f6b6435d0,25 21,train
f502fa98-bbba-11e8-b2ba-ac1f6b6435d0,21,train
f76399d2-bbc9-11e8-b2bc-ac1f6b6435d0,21,train
f4891ec2-bb9b-11e8-b2b9-ac1f6b6435d0,2,train
ff84765e-bba6-11e8-b2ba-ac1f6b6435d0,0 25 21,train
f78557aa-bbad-11e8-b2ba-ac1f6b6435d0,0 7,train
fc5f3210-bba7-11e8-b2ba-ac1f6b6435d0,4,train
fed0a594-bbaa-11e8-b2ba-ac1f6b6435d0,25,train
f58f1414-bbb6-11e8-b2ba-ac1f6b6435d0,23,train
f92bb68a-bb9e-11e8-b2b9-ac1f6b6435d0,1,train
f7a33ea8-bbc8-11e8-b2bc-ac1f6b6435d0,2,train
f7fd100a-bb9a-11e8-b2b9-ac1f6b6435d0,0 21,train
f5cabd4a-bba0-11e8-b2b9-ac1f6b6435d0,23,train
fd0287c0-bbbc-11e8-b2ba-ac1f6b6435d0,8,train
f0eec9d4-bbb3-11e8-b2ba-ac1f6b6435d0,4,train
fc82e684-bbb0-11e8-b2ba-ac1f6b6435d0,9 10,train
ff851e82-bbbb-11e8-b2ba-ac1f6b6435d0,0,train
feeb4828-bba9-11e8-b2ba-ac1f6b6435d0,0 25 7,train
ff015462-bba2-11e8-b2b9-ac1f6b6435d0,0 22,train
f58336a2-bba8-11e8-b2ba-ac1f6b6435d0,23,train
f89de854-bba4-11e8-b2ba-ac1f6b6435d0,25 2,train
f78f9a1a-bbbe-11e8-b2ba-ac1f6b6435d0,0 7,train
f52abf4e-bbae-11e8-b2ba-ac1f6b6435d0,0,train
f40e13e6-bbb2-11e8-b2ba-ac1f6b6435d0,0,train
f41d6fb2-bbbc-11e8-b2ba-ac1f6b6435d0,0 2,train
ffdbe064-bbbb-11e8-b2ba-ac1f6b6435d0,23,train
ffb49f82-bbab-11e8-b2ba-ac1f6b6435d0,0 25 2,train
fe50502e-bbaa-11e8-b2ba-ac1f6b6435d0,0,train
fe914662-bb9e-11e8-b2b9-ac1f6b6435d0,0 7,train
f8d60850-bbbe-11e8-b2ba-ac1f6b6435d0,23,train
fbd6c230-bba3-11e8-b2b9-ac1f6b6435d0,4,train
fdca1850-bbbf-11e8-b2bb-ac1f6b6435d0,7,train
f0c2371c-bbb7-11e8-b2ba-ac1f6b6435d0,14,train
f3ff0b32-bbb5-11e8-b2ba-ac1f6b6435d0,0,train
fcf02f3a-bbad-11e8-b2ba-ac1f6b6435d0,0 2,train
fedf2ecc-bbc6-11e8-b2bc-ac1f6b6435d0,0,train
f5cba356-bba8-11e8-b2ba-ac1f6b6435d0,11,train
faad1472-bb99-11e8-b2b9-ac1f6b6435d0,7,train
f40ba13e-bbbb-11e8-b2ba-ac1f6b6435d0,5,train
f594a180-bbb2-11e8-b2ba-ac1f6b6435d0,0 21,train
f7ccfc14-bbb6-11e8-b2ba-ac1f6b6435d0,19,train
f4dad456-bbc3-11e8-b2bc-ac1f6b6435d0,0 3,train
f9442d1c-bba0-11e8-b2b9-ac1f6b6435d0,0,train
f12c1c5c-bbc8-11e8-b2bc-ac1f6b6435d0,14,train
fc108b18-bba9-11e8-b2ba-ac1f6b6435d0,2,train
f22e5c2e-bba9-11e8-b2ba-ac1f6b6435d0,6,train
f127f2d6-bbb3-11e8-b2ba-ac1f6b6435d0,0,train
f75479a0-bbc1-11e8-b2bb-ac1f6b6435d0,0,train
f15788a4-bbc0-11e8-b2bb-ac1f6b6435d0,0 12,train
f4d396f4-bbba-11e8-b2ba-ac1f6b6435d0,1 3 4,train
fefae2b2-bbbb-11e8-b2ba-ac1f6b6435d0,0 21,train
f21645a6-bbc9-11e8-b2bc-ac1f6b6435d0,2,train
f34b5776-bbc0-11e8-b2bb-ac1f6b6435d0,0,train
f2adbdaa-bb9c-11e8-b2b9-ac1f6b6435d0,18,train
f2d1bbee-bba4-11e8-b2ba-ac1f6b6435d0,0 25,train
f38e8666-bbb3-11e8-b2ba-ac1f6b6435d0,2 14,train
f2a31466-bb9e-11e8-b2b9-ac1f6b6435d0,0,train
f1a519b6-bbac-11e8-b2ba-ac1f6b6435d0,0 21,train
f6647c50-bba5-11e8-b2ba-ac1f6b6435d0,4 14,train
f4414266-bba3-11e8-b2b9-ac1f6b6435d0,18,train
fced2810-bba5-11e8-b2ba-ac1f6b6435d0,4,train
fd027762-bbb7-11e8-b2ba-ac1f6b6435d0,22,train
f8a8fe7a-bbb2-11e8-b2ba-ac1f6b6435d0,25,train
f1dc176e-bbb5-11e8-b2ba-ac1f6b6435d0,0 25,train
f62832b8-bbaf-11e8-b2ba-ac1f6b6435d0,0,train
fd58e796-bbb2-11e8-b2ba-ac1f6b6435d0,3,train
fe5e1ac0-bbc7-11e8-b2bc-ac1f6b6435d0,5,train
f057c264-bb9f-11e8-b2b9-ac1f6b6435d0,0 22,train
f28c5e88-bbb7-11e8-b2ba-ac1f6b6435d0,23,train
fb119bf2-bbc8-11e8-b2bc-ac1f6b6435d0,0,train
f80a101e-bb9c-11e8-b2b9-ac1f6b6435d0,0 25,train
fb4e0daa-bba8-11e8-b2ba-ac1f6b6435d0,0 22,train
fc93ca30-bbc4-11e8-b2bc-ac1f6b6435d0,25 4,train
feda2ff6-bba5-11e8-b2ba-ac1f6b6435d0,18,train
f7018418-bbba-11e8-b2ba-ac1f6b6435d0,7,train
f148d46a-bba9-11e8-b2ba-ac1f6b6435d0,0 2,train
f71fc0bc-bbc5-11e8-b2bc-ac1f6b6435d0,0,train
f76aa07c-bbb2-11e8-b2ba-ac1f6b6435d0,25 23,train
f73d58d8-bbbc-11e8-b2ba-ac1f6b6435d0,25,train
f1f1f7f8-bbc6-11e8-b2bc-ac1f6b6435d0,25 2,train
f85ea29a-bbb6-11e8-b2ba-ac1f6b6435d0,7,train
f273c3d4-bba6-11e8-b2ba-ac1f6b6435d0,25 4,train
fe3e2b08-bba3-11e8-b2b9-ac1f6b6435d0,19 23,train
fe988ea6-bb9c-11e8-b2b9-ac1f6b6435d0,0 23,train
f9c487e6-bbc8-11e8-b2bc-ac1f6b6435d0,7,train
f47aa584-bba7-11e8-b2ba-ac1f6b6435d0,1 7,train
f74ac2b0-bba4-11e8-b2ba-ac1f6b6435d0,25 21,train
fa6c3740-bba8-11e8-b2ba-ac1f6b6435d0,0,train
fbdfff4a-bbc5-11e8-b2bc-ac1f6b6435d0,3,train
f83c2d66-bb9b-11e8-b2b9-ac1f6b6435d0,0 2,train
fbdb06d2-bbbd-11e8-b2ba-ac1f6b6435d0,0 1,train
fb0c6630-bbb6-11e8-b2ba-ac1f6b6435d0,3,train
f9c6daf2-bbb2-11e8-b2ba-ac1f6b6435d0,0 25,train
f1df06b8-bba6-11e8-b2ba-ac1f6b6435d0,0 25,train
f3183f2c-bbab-11e8-b2ba-ac1f6b6435d0,21,train
fa3b156c-bbbb-11e8-b2ba-ac1f6b6435d0,21,train
f34ce572-bbc6-11e8-b2bc-ac1f6b6435d0,25 19,train
f3d43f24-bb9c-11e8-b2b9-ac1f6b6435d0,0,train
fbfd57d8-bba3-11e8-b2b9-ac1f6b6435d0,23,train
fffe0ffe-bbc0-11e8-b2bb-ac1f6b6435d0,0 2,train
f287bfa6-bbba-11e8-b2ba-ac1f6b6435d0,7,train
f19228c4-bbac-11e8-b2ba-ac1f6b6435d0,0 23,train
f8a71d32-bbb5-11e8-b2ba-ac1f6b6435d0,25,train
f6667422-bba7-11e8-b2ba-ac1f6b6435d0,24,train
fa1c0d68-bbaa-11e8-b2ba-ac1f6b6435d0,21,train
fc272c3c-bbaf-11e8-b2ba-ac1f6b6435d0,6,train
f9fe6d44-bbc3-11e8-b2bc-ac1f6b6435d0,0 25,train
fdfa4638-bbc4-11e8-b2bc-ac1f6b6435d0,0 21,train
fb79e09a-bbc3-11e8-b2bc-ac1f6b6435d0,0 3,train
f0030de0-bb9b-11e8-b2b9-ac1f6b6435d0,0 2,train
f28b5fc6-bbb0-11e8-b2ba-ac1f6b6435d0,0 18 21,train
f57b6d70-bba6-11e8-b2ba-ac1f6b6435d0,0 25 5,train
f3a6049e-bbbd-11e8-b2ba-ac1f6b6435d0,1,train
f74fd986-bb9e-11e8-b2b9-ac1f6b6435d0,0 23,train
fa80e530-bbbe-11e8-b2ba-ac1f6b6435d0,25 4,train
f1c182a4-bbc5-11e8-b2bc-ac1f6b6435d0,19 21,train
fa8b0e78-bbb1-11e8-b2ba-ac1f6b6435d0,0 1,train
fa6cdb92-bbb1-11e8-b2ba-ac1f6b6435d0,25,train
f2e4ae88-bbb4-11e8-b2ba-ac1f6b6435d0,3,train
fe879a1e-bbac-11e8-b2ba-ac1f6b6435d0,0 25 3,train
f96b61d8-bba6-11e8-b2ba-ac1f6b6435d0,0 7,train
fbb2be24-bb9b-11e8-b2b9-ac1f6b6435d0,0,train
fb9e3cce-bbb9-11e8-b2ba-ac1f6b6435d0,0 25,train
fe48e464-bbb5-11e8-b2ba-ac1f6b6435d0,23,train
f3e65ee6-bbbc-11e8-b2ba-ac1f6b6435d0,0 3,train
f02b20cc-bb9c-11e8-b2b9-ac1f6b6435d0,5,train
f1011188-bba5-11e8-b2ba-ac1f6b6435d0,0 1,train
f46545fa-bb9c-11e8-b2b9-ac1f6b6435d0,11,train
f53d5ae6-bbc2-11e8-b2bc-ac1f6b6435d0,23,train
f3cfa0c4-bba4-11e8-b2ba-ac1f6b6435d0,19,train
f7314eb8-bbac-11e8-b2ba-ac1f6b6435d0,2 23,train
f9d7ccbc-bbc7-11e8-b2bc-ac1f6b6435d0,25 3,train
f95aa642-bbb8-11e8-b2ba-ac1f6b6435d0,11,train
f0f61278-bbc9-11e8-b2bc-ac1f6b6435d0,2,train
f4ba76ba-bbab-11e8-b2ba-ac1f6b6435d0,0 26,train
fd23f10c-bbb3-11e8-b2ba-ac1f6b6435d0,25 4,train
f97b2424-bba1-11e8-b2b9-ac1f6b6435d0,25 5,train
fc83d824-bb9b-11e8-b2b9-ac1f6b6435d0,25 18,train
f111adc0-bba7-11e8-b2ba-ac1f6b6435d0,0 7,train
f4f67182-bbb1-11e8-b2ba-ac1f6b6435d0,2,train
fa446174-bbc7-11e8-b2bc-ac1f6b6435d0,25,train
f37e641a-bbb4-11e8-b2ba-ac1f6b6435d0,18 21,train
fa012944-bbbe-11e8-b2ba-ac1f6b6435d0,0 3 19,train
f86e1b26-bbb6-11e8-b2ba-ac1f6b6435d0,25,train
f5f0768e-bbb9-11e8-b2ba-ac1f6b6435d0,21,train
fa3ece2a-bba0-11e8-b2b9-ac1f6b6435d0,21,train
f56b7a78-bbb0-11e8-b2ba-ac1f6b6435d0,0,train
fd5affa0-bba7-11e8-b2ba-ac1f6b6435d0,0 25,train
f8b9ca4c-bbb8-11e8-b2ba-ac1f6b6435d0,7,train
f4d037f4-bbc2-11e8-b2bc-ac1f6b6435d0,2,train
fb71e77a-bbbc-11e8-b2ba-ac1f6b6435d0,25 5,train
f30ad9bc-bb9d-11e8-b2b9-ac1f6b6435d0,5,train
f2288b96-bbb8-11e8-b2ba-ac1f6b6435d0,0 25,train
faef5d64-bbb2-11e8-b2ba-ac1f6b6435d0,16,train
f403cc62-bbb0-11e8-b2ba-ac1f6b6435d0,21,train
fa811374-bbb0-11e8-b2ba-ac1f6b6435d0,21,train
f0bb8b8a-bb9c-11e8-b2b9-ac1f6b6435d0,0 2 11,train
fc364fc8-bbaa-11e8-b2ba-ac1f6b6435d0,0,train
f2ae558a-bba1-11e8-b2b9-ac1f6b6435d0,23,train
f90e7424-bbaa-11e8-b2ba-ac1f6b6435d0,0 25 12 21,train
f58cbdfa-bbb5-11e8-b2ba-ac1f6b6435d0,0 21,train
f0f9a766-bba2-11e8-b2b9-ac1f6b6435d0,2,train
fba14df8-bbb2-11e8-b2ba-ac1f6b6435d0,0,train
fc88eacc-bbb8-11e8-b2ba-ac1f6b6435d0,0 25,train
feade830-bbc6-11e8-b2bc-ac1f6b6435d0,3,train
f187104c-bbac-11e8-b2ba-ac1f6b6435d0,4,train
f2f5a0e6-bbb2-11e8-b2ba-ac1f6b6435d0,0 25 2,train
f092b648-bba5-11e8-b2ba-ac1f6b6435d0,0 18,train
f4ee58d4-bbad-11e8-b2ba-ac1f6b6435d0,0,train
f7dd204a-bbb5-11e8-b2ba-ac1f6b6435d0,25,train
f190da7a-bbc3-11e8-b2bc-ac1f6b6435d0,5 21,train
f0acdb08-bb9c-11e8-b2b9-ac1f6b6435d0,0 19,train
f925bb66-bbc3-11e8-b2bc-ac1f6b6435d0,0 16 2,train
fae5ad24-bba7-11e8-b2ba-ac1f6b6435d0,14,train
fc4e2532-bba8-11e8-b2ba-ac1f6b6435d0,0 25 7,train
f89c6b5e-bba0-11e8-b2b9-ac1f6b6435d0,0 5,train
f3a44b08-bba5-11e8-b2ba-ac1f6b6435d0,0 21,train
f9a31636-bba7-11e8-b2ba-ac1f6b6435d0,23,train
f67f532a-bbbb-11e8-b2ba-ac1f6b6435d0,4,train
fae9d35c-bbb3-11e8-b2ba-ac1f6b6435d0,25 3,train
f1956dee-bbc6-11e8-b2bc-ac1f6b6435d0,25 3,train
f1bbbaa0-bbc4-11e8-b2bc-ac1f6b6435d0,7,train
f8560264-bbc2-11e8-b2bc-ac1f6b6435d0,0 25,train
f9ac1de4-bbac-11e8-b2ba-ac1f6b6435d0,0 25 3,train
fee19c8e-bba3-11e8-b2b9-ac1f6b6435d0,0 3,train
fd248b90-bbbc-11e8-b2ba-ac1f6b6435d0,0 25 19,train
fac9a3da-bbb7-11e8-b2ba-ac1f6b6435d0,21 22,train
f76d906e-bbc8-11e8-b2bc-ac1f6b6435d0,25 7,train
fe753b64-bbaa-11e8-b2ba-ac1f6b6435d0,0 7,train
fb0b8118-bb9b-11e8-b2b9-ac1f6b6435d0,6,train
f6b61b26-bbb6-11e8-b2ba-ac1f6b6435d0,25,train
faa972a2-bba5-11e8-b2ba-ac1f6b6435d0,2,train
f4ba697e-bb9a-11e8-b2b9-ac1f6b6435d0,0 25,train
f07a364a-bbc3-11e8-b2bc-ac1f6b6435d0,0 7,train
f86b5824-bbab-11e8-b2ba-ac1f6b6435d0,0 25 21,train
fabdaf2c-bba7-11e8-b2ba-ac1f6b6435d0,25 2,train
f5985624-bba1-11e8-b2b9-ac1f6b6435d0,0 3,train
f80b5238-bba8-11e8-b2ba-ac1f6b6435d0,7,train
f9adfe72-bbc3-11e8-b2bc-ac1f6b6435d0,23,train
f0b5fb0a-bba3-11e8-b2b9-ac1f6b6435d0,0 25 22,train
f7a068ec-bbbc-11e8-b2ba-ac1f6b6435d0,23,train
fd04240c-bbbe-11e8-b2ba-ac1f6b6435d0,0 2,train
fc124f02-bbbd-11e8-b2ba-ac1f6b6435d0,21,train
f878cec6-bbb2-11e8-b2ba-ac1f6b6435d0,25 5,train
f230a840-bbb2-11e8-b2ba-ac1f6b6435d0,2,train
fbe5dc9e-bbb6-11e8-b2ba-ac1f6b6435d0,0 2,train
fcb25464-bbab-11e8-b2ba-ac1f6b6435d0,5,train
f47ac0fa-bbbb-11e8-b2ba-ac1f6b6435d0,0 23,train
fc85c906-bb99-11e8-b2b9-ac1f6b6435d0,21,train
fe3cb138-bbc6-11e8-b2bc-ac1f6b6435d0,5,train
ffe55eba-bbba-11e8-b2ba-ac1f6b6435d0,0 5,train
fe705c7e-bbb0-11e8-b2ba-ac1f6b6435d0,0 21,train
f26942ae-bb99-11e8-b2b9-ac1f6b6435d0,21 13,train
f629be72-bbb3-11e8-b2ba-ac1f6b6435d0,0 2,train
f339a1e8-bbc5-11e8-b2bc-ac1f6b6435d0,3,train
f4f838f2-bba0-11e8-b2b9-ac1f6b6435d0,2,train
f3e5fe76-bba6-11e8-b2ba-ac1f6b6435d0,0,train
f5383e30-bba4-11e8-b2ba-ac1f6b6435d0,0 7,train
f5fe5b4a-bbb0-11e8-b2ba-ac1f6b6435d0,21,train
fa7aafaa-bbad-11e8-b2ba-ac1f6b6435d0,4,train
f9acf21a-bbab-11e8-b2ba-ac1f6b6435d0,0,train
f71dc1c8-bb9c-11e8-b2b9-ac1f6b6435d0,0 25,train
f8bedad6-bbb4-11e8-b2ba-ac1f6b6435d0,14 7,train
f5995090-bbad-11e8-b2ba-ac1f6b6435d0,25,train
fc0260ba-bbb8-11e8-b2ba-ac1f6b6435d0,2,train
f8b0a50a-bbc9-11e8-b2bc-ac1f6b6435d0,0 21,train
fd2ce5a6-bbb7-11e8-b2ba-ac1f6b6435d0,25 19,train
f633b1e0-bbac-11e8-b2ba-ac1f6b6435d0,3,train
f07b56be-bbbf-11e8-b2bb-ac1f6b6435d0,16 5 14,train
fdd68a64-bbaf-11e8-b2ba-ac1f6b6435d0,0 25 21,train
f7913530-bbb1-11e8-b2ba-ac1f6b6435d0,24,train
f5efe4fc-bbc4-11e8-b2bc-ac1f6b6435d0,0 23,train
f446bfa6-bbc7-11e8-b2bc-ac1f6b6435d0,4,train
f48bd180-bbb9-11e8-b2ba-ac1f6b6435d0,0,train
f63f12b4-bbb7-11e8-b2ba-ac1f6b6435d0,0 1,train
f9017788-bbbe-11e8-b2ba-ac1f6b6435d0,5 23,train
fb8c62b6-bba9-11e8-b2ba-ac1f6b6435d0,4,train
f06ab7da-bba8-11e8-b2ba-ac1f6b6435d0,0 25,train
f0adaf48-bbb9-11e8-b2ba-ac1f6b6435d0,5,train
f609c3ee-bbbb-11e8-b2ba-ac1f6b6435d0,0 23,train
f5dad562-bbc4-11e8-b2bc-ac1f6b6435d0,25 5,train
f215a0fc-bbaa-11e8-b2ba-ac1f6b6435d0,14,train
f08b1426-bb9e-11e8-b2b9-ac1f6b6435d0,23,train
fe2f5bd2-bbc1-11e8-b2bb-ac1f6b6435d0,0 2,train
faaeca66-bbc0-11e8-b2bb-ac1f6b6435d0,0,train
fbff4370-bbc3-11e8-b2bc-ac1f6b6435d0,21,train
f560dd88-bba7-11e8-b2ba-ac1f6b6435d0,3,train
fe33884a-bbc8-11e8-b2bc-ac1f6b6435d0,25,train
ff2d8360-bbc1-11e8-b2bb-ac1f6b6435d0,4,train
fe16e5f8-bba2-11e8-b2b9-ac1f6b6435d0,25 7,train
fa7e504a-bbc8-11e8-b2bc-ac1f6b6435d0,0 18 2 21,train
f1455a1a-bbc2-11e8-b2bc-ac1f6b6435d0,14,train
fc9b9d50-bba6-11e8-b2ba-ac1f6b6435d0,6,train
f82ebd98-bbc3-11e8-b2bc-ac1f6b6435d0,25 5,train
fe4107a6-bbc1-11e8-b2bb-ac1f6b6435d0,5,train
f134134e-bbaf-11e8-b2ba-ac1f6b6435d0,25,train
f4095bf4-bbb1-11e8-b2ba-ac1f6b6435d0,19,train
fba60cb6-bbae-11e8-b2ba-ac1f6b6435d0,3,train
f8aea62e-bbb5-11e8-b2ba-ac1f6b6435d0,2,train
f29e5b98-bbc0-11e8-b2bb-ac1f6b6435d0,0 5,train
f1ee8b44-bbc2-11e8-b2bc-ac1f6b6435d0,4,train
f23e4a92-bbb0-11e8-b2ba-ac1f6b6435d0,0 25 19,train
fb582d2e-bbc3-11e8-b2bc-ac1f6b6435d0,0 21 22,train
fe61cf04-bba8-11e8-b2ba-ac1f6b6435d0,0 7,train
f255ffb2-bbc3-11e8-b2bc-ac1f6b6435d0,4,train
f980a094-bba0-11e8-b2b9-ac1f6b6435d0,0 23,train
ff4fd566-bbc4-11e8-b2bc-ac1f6b6435d0,25 23,train
f7981d26-bbb3-11e8-b2ba-ac1f6b6435d0,4,train
f915fcba-bbb6-11e8-b2ba-ac1f6b6435d0,0 2,train
fed6505c-bbc8-11e8-b2bc-ac1f6b6435d0,19,train
f7ef130c-bba3-11e8-b2b9-ac1f6b6435d0,0 21,train
f859385c-bbb9-11e8-b2ba-ac1f6b6435d0,26,train
f769c740-bb9b-11e8-b2b9-ac1f6b6435d0,0 2 21,train
fcb37d04-bbbe-11e8-b2ba-ac1f6b6435d0,21,train
fcc69acc-bb9d-11e8-b2b9-ac1f6b6435d0,2,train
f1f07c6a-bbae-11e8-b2ba-ac1f6b6435d0,25 6,train
fea39586-bbaa-11e8-b2ba-ac1f6b6435d0,16 25,train
fdc54390-bbc7-11e8-b2bc-ac1f6b6435d0,11,train
f2dfc4d6-bbc3-11e8-b2bc-ac1f6b6435d0,0 25 2,train
f35277ac-bbb3-11e8-b2ba-ac1f6b6435d0,0 2 19,train
f848cdd0-bbac-11e8-b2ba-ac1f6b6435d0,0 25,train
f26a09e6-bbad-11e8-b2ba-ac1f6b6435d0,11,train
f76740a2-bb9a-11e8-b2b9-ac1f6b6435d0,21,train
fe45397e-bb9a-11e8-b2b9-ac1f6b6435d0,7,train
f556434a-bbb7-11e8-b2ba-ac1f6b6435d0,12,train
f8e79568-bbbc-11e8-b2ba-ac1f6b6435d0,0 25 21,train
fbdc4214-bbbc-11e8-b2ba-ac1f6b6435d0,0 23,train
f577614e-bbb5-11e8-b2ba-ac1f6b6435d0,0,train
f630c696-bb99-11e8-b2b9-ac1f6b6435d0,0 12 7,train
f19fc5e0-bba4-11e8-b2ba-ac1f6b6435d0,25 4,train
f637a6e4-bba0-11e8-b2b9-ac1f6b6435d0,18,train
f41c602e-bbc4-11e8-b2bc-ac1f6b6435d0,7,train
f877d230-bbc8-11e8-b2bc-ac1f6b6435d0,3,train
f4465088-bbb4-11e8-b2ba-ac1f6b6435d0,23,train
f1f033ec-bbc5-11e8-b2bc-ac1f6b6435d0,19,train
fe5942fa-bbc4-11e8-b2bc-ac1f6b6435d0,0 2,train
fd6a70f0-bbae-11e8-b2ba-ac1f6b6435d0,22 7,train
fe351f12-bbae-11e8-b2ba-ac1f6b6435d0,0 25,train
fe7bdc5e-bbb3-11e8-b2ba-ac1f6b6435d0,7,train
f6b064be-bbc6-11e8-b2bc-ac1f6b6435d0,0 16 19,train
f8975e2c-bb9e-11e8-b2b9-ac1f6b6435d0,19,train
f0d902c6-bbad-11e8-b2ba-ac1f6b6435d0,4,train
fc0f17be-bbaf-11e8-b2ba-ac1f6b6435d0,0 5,train
f106361c-bbb5-11e8-b2ba-ac1f6b6435d0,25,train
f913acee-bba7-11e8-b2ba-ac1f6b6435d0,5 21,train
fd06c9d4-bba8-11e8-b2ba-ac1f6b6435d0,11 14,train
fb9ca6be-bbc5-11e8-b2bc-ac1f6b6435d0,25 19,train
fb9e478e-bb99-11e8-b2b9-ac1f6b6435d0,2 21,train
feffc610-bb9d-11e8-b2b9-ac1f6b6435d0,5,train
f6118d2a-bbbd-11e8-b2ba-ac1f6b6435d0,0 25,train
f734f00a-bbc9-11e8-b2bc-ac1f6b6435d0,6,train
f35fc870-bba5-11e8-b2ba-ac1f6b6435d0,0 25,train
f678b356-bba9-11e8-b2ba-ac1f6b6435d0,2 5,train
f9a610b2-bbc4-11e8-b2bc-ac1f6b6435d0,0 17 19 25,train
f12a5e90-bb9a-11e8-b2b9-ac1f6b6435d0,19 21,train
f50c9290-bbad-11e8-b2ba-ac1f6b6435d0,0 1,train
fdb28526-bba8-11e8-b2ba-ac1f6b6435d0,25 5,train
fe0067b4-bbb7-11e8-b2ba-ac1f6b6435d0,24,train
fef96062-bbc1-11e8-b2bb-ac1f6b6435d0,13,train
f7f47292-bbbd-11e8-b2ba-ac1f6b6435d0,11,train
fb09dc8e-bbc6-11e8-b2bc-ac1f6b6435d0,0,train
f3bdcfd0-bba3-11e8-b2b9-ac1f6b6435d0,7,train
fa48c870-bbb5-11e8-b2ba-ac1f6b6435d0,0 1 25 7,train
f4a79a74-bbb8-11e8-b2ba-ac1f6b6435d0,3,train
f2cb372e-bba9-11e8-b2ba-ac1f6b6435d0,0 25 2,train
f39f2814-bb9e-11e8-b2b9-ac1f6b6435d0,25,train
f3083fee-bba8-11e8-b2ba-ac1f6b6435d0,0 25,train
f39d1646-bbc1-11e8-b2bb-ac1f6b6435d0,0 21,train
f7ceb2b8-bbb9-11e8-b2ba-ac1f6b6435d0,1,train
f8d46968-bb9c-11e8-b2b9-ac1f6b6435d0,0 19,train
fbc65f5e-bbc5-11e8-b2bc-ac1f6b6435d0,4,train
fedfc8ec-bbc0-11e8-b2bb-ac1f6b6435d0,3,train
f0432adc-bbb0-11e8-b2ba-ac1f6b6435d0,0 5 21,train
fd425f0c-bbb3-11e8-b2ba-ac1f6b6435d0,0 2,train
f1cb85d4-bb9c-11e8-b2b9-ac1f6b6435d0,0 25,train
f8fbf954-bba3-11e8-b2b9-ac1f6b6435d0,0,train
f37e9faa-bba2-11e8-b2b9-ac1f6b6435d0,25 5,train
f532bf92-bbc1-11e8-b2bb-ac1f6b6435d0,0 25 3,train
ffdb9014-bba2-11e8-b2b9-ac1f6b6435d0,0,train
fd48f418-bb9d-11e8-b2b9-ac1f6b6435d0,14,train
f94014f8-bb9a-11e8-b2b9-ac1f6b6435d0,5 7,train
f969fbbc-bbb1-11e8-b2ba-ac1f6b6435d0,5,train
f04f30a4-bb9f-11e8-b2b9-ac1f6b6435d0,0 1,train
f980c216-bb9d-11e8-b2b9-ac1f6b6435d0,6 7,train
f30d60c8-bb99-11e8-b2b9-ac1f6b6435d0,25 5,train
fc744490-bbb9-11e8-b2ba-ac1f6b6435d0,1,train
f68566b8-bbb4-11e8-b2ba-ac1f6b6435d0,25 7,train
f69ca1ee-bbc7-11e8-b2bc-ac1f6b6435d0,25,train
febc967e-bbc0-11e8-b2bb-ac1f6b6435d0,0 1 3,train
f016d52c-bbc4-11e8-b2bc-ac1f6b6435d0,0 18 21,train
f51bc9a8-bbc2-11e8-b2bc-ac1f6b6435d0,25,train
fb4c1fac-bbaa-11e8-b2ba-ac1f6b6435d0,0 3 14,train
f6ad00c6-bbc1-11e8-b2bb-ac1f6b6435d0,0 18 21,train
f2fa8ad0-bbbb-11e8-b2ba-ac1f6b6435d0,25,train
fcf03c6c-bb9b-11e8-b2b9-ac1f6b6435d0,0 21,train
f3868dce-bbba-11e8-b2ba-ac1f6b6435d0,0 2,train
fc1134da-bbc9-11e8-b2bc-ac1f6b6435d0,19,train
fd2142a8-bba5-11e8-b2ba-ac1f6b6435d0,5,train
fa41124e-bba4-11e8-b2ba-ac1f6b6435d0,12,train
f520df2c-bbb5-11e8-b2ba-ac1f6b6435d0,0 18,train
f4ba98d6-bba9-11e8-b2ba-ac1f6b6435d0,2 21,train
fab24406-bbbc-11e8-b2ba-ac1f6b6435d0,7,train
fc822bae-bbb0-11e8-b2ba-ac1f6b6435d0,4,train
fe02ef0a-bbaf-11e8-b2ba-ac1f6b6435d0,4,train
f0885dca-bb9f-11e8-b2b9-ac1f6b6435d0,0 25 21,train
fbaebfa8-bb9c-11e8-b2b9-ac1f6b6435d0,0 5,train
f23c38b0-bbab-11e8-b2ba-ac1f6b6435d0,0 8,train
f0f8a48a-bba5-11e8-b2ba-ac1f6b6435d0,0 2 23,train
fdbcad98-bbc7-11e8-b2bc-ac1f6b6435d0,26,train
fca772f4-bbb2-11e8-b2ba-ac1f6b6435d0,0 25,train
fa4a933a-bbba-11e8-b2ba-ac1f6b6435d0,5 22,train
f30aa9b6-bbbf-11e8-b2bb-ac1f6b6435d0,25 2,train
fa71d836-bb9d-11e8-b2b9-ac1f6b6435d0,25 5,train
f39e2226-bbc5-11e8-b2bc-ac1f6b6435d0,0 21,train
f7ab71f0-bbc7-11e8-b2bc-ac1f6b6435d0,2,train
fd1ac1f6-bbb1-11e8-b2ba-ac1f6b6435d0,0 22,train
f15129b0-bba1-11e8-b2b9-ac1f6b6435d0,11,train
ff360724-bbb2-11e8-b2ba-ac1f6b6435d0,25 6,train
ff51f06a-bbad-11e8-b2ba-ac1f6b6435d0,14,train
f2403164-bb9b-11e8-b2b9-ac1f6b6435d0,0 5,train
f2abe33c-bbc3-11e8-b2bc-ac1f6b6435d0,0 1,train
f6e40380-bbaf-11e8-b2ba-ac1f6b6435d0,6,train
fd95694a-bba9-11e8-b2ba-ac1f6b6435d0,0 25 5,train
f8fcf55a-bbc3-11e8-b2bc-ac1f6b6435d0,0 18,train
fd05c9b8-bbc5-11e8-b2bc-ac1f6b6435d0,4,train
f2a3c166-bbb9-11e8-b2ba-ac1f6b6435d0,23,train
f8d5c440-bb9f-11e8-b2b9-ac1f6b6435d0,4,train
f0783a20-bbc8-11e8-b2bc-ac1f6b6435d0,0,train
f3c7ffd4-bbba-11e8-b2ba-ac1f6b6435d0,0 25 21,train
f805571c-bbb6-11e8-b2ba-ac1f6b6435d0,1 5,train
f9e8272a-bbc6-11e8-b2bc-ac1f6b6435d0,0 3,train
fd860334-bbb7-11e8-b2ba-ac1f6b6435d0,23,train
fb9f5eca-bb9f-11e8-b2b9-ac1f6b6435d0,6,train
f31d8852-bbb4-11e8-b2ba-ac1f6b6435d0,5,train
f6767ce2-bbab-11e8-b2ba-ac1f6b6435d0,11,train
fa2e2cc2-bb9c-11e8-b2b9-ac1f6b6435d0,25 3,train
fe9906c4-bb9c-11e8-b2b9-ac1f6b6435d0,4,train
f91f3d68-bbaa-11e8-b2ba-ac1f6b6435d0,0,train
f1951b18-bbbd-11e8-b2ba-ac1f6b6435d0,21,train
fcc5158e-bb9e-11e8-b2b9-ac1f6b6435d0,25 21,train
f3df5dd2-bbbf-11e8-b2bb-ac1f6b6435d0,4,train
f99fffde-bba0-11e8-b2b9-ac1f6b6435d0,25 21,train
f8580774-bbbf-11e8-b2bb-ac1f6b6435d0,25 2 11,train
fe7f639e-bba2-11e8-b2b9-ac1f6b6435d0,0 25 12,train
f0928690-bb9c-11e8-b2b9-ac1f6b6435d0,0 21,train
f1bcabf8-bbc0-11e8-b2bb-ac1f6b6435d0,14,train
f6dc9104-bbb9-11e8-b2ba-ac1f6b6435d0,23,train
f5e0bf70-bbad-11e8-b2ba-ac1f6b6435d0,0 7,train
fdf6661a-bbc6-11e8-b2bc-ac1f6b6435d0,5 21,train
fe5311d4-bbb8-11e8-b2ba-ac1f6b6435d0,1,train
fc32ae9e-bbab-11e8-b2ba-ac1f6b6435d0,3 4 7,train
f58638e4-bbc5-11e8-b2bc-ac1f6b6435d0,25 21,train
f026cf08-bb9d-11e8-b2b9-ac1f6b6435d0,4 14,train
f65dedea-bba0-11e8-b2b9-ac1f6b6435d0,0 20 23,train
f06d16da-bb9c-11e8-b2b9-ac1f6b6435d0,23,train
f812a728-bbc5-11e8-b2bc-ac1f6b6435d0,1 2,train
fdf21ee4-bba2-11e8-b2b9-ac1f6b6435d0,2,train
f13eb602-bbb7-11e8-b2ba-ac1f6b6435d0,21,train
fa42510a-bbc6-11e8-b2bc-ac1f6b6435d0,0 25,train
fd6a0850-bba8-11e8-b2ba-ac1f6b6435d0,2 23,train
fc498b4e-bbad-11e8-b2ba-ac1f6b6435d0,25,train
fd2b2de4-bbb0-11e8-b2ba-ac1f6b6435d0,7,train
f289f18e-bbad-11e8-b2ba-ac1f6b6435d0,5,train
f1933992-bbc7-11e8-b2bc-ac1f6b6435d0,0 21 7,train
fbef47b6-bbac-11e8-b2ba-ac1f6b6435d0,6,train
f5901756-bba7-11e8-b2ba-ac1f6b6435d0,0 22,train
f79044c2-bb9d-11e8-b2b9-ac1f6b6435d0,23,train
fc3c715e-bb9c-11e8-b2b9-ac1f6b6435d0,0 21,train
fcee52f8-bb9b-11e8-b2b9-ac1f6b6435d0,22,train
fd738be2-bbbb-11e8-b2ba-ac1f6b6435d0,2,train
ff8b9096-bb9d-11e8-b2b9-ac1f6b6435d0,0,train
f69bdc72-bba0-11e8-b2b9-ac1f6b6435d0,22,train
f8c73716-bbba-11e8-b2ba-ac1f6b6435d0,21 7,train
f82803c0-bbc5-11e8-b2bc-ac1f6b6435d0,23,train
fb367658-bb9f-11e8-b2b9-ac1f6b6435d0,5,train
f04d51ca-bba5-11e8-b2ba-ac1f6b6435d0,2 7,train
f91a6dec-bbaf-11e8-b2ba-ac1f6b6435d0,25,train
fd1e163c-bbc3-11e8-b2bc-ac1f6b6435d0,0 2,train
faee983c-bba5-11e8-b2ba-ac1f6b6435d0,0 3,train
ff23ea8e-bbbd-11e8-b2ba-ac1f6b6435d0,0,train
fc5e69b0-bba8-11e8-b2ba-ac1f6b6435d0,25,train
f76aad68-bbb4-11e8-b2ba-ac1f6b6435d0,2,train
f88504a0-bbc8-11e8-b2bc-ac1f6b6435d0,14,train
f405fbe2-bbc7-11e8-b2bc-ac1f6b6435d0,21,train
f74a84bc-bbb3-11e8-b2ba-ac1f6b6435d0,11,train
f88de6fe-bbb1-11e8-b2ba-ac1f6b6435d0,0 2 21,train
f17db79a-bbbb-11e8-b2ba-ac1f6b6435d0,25 12,train
fced8fc0-bba1-11e8-b2b9-ac1f6b6435d0,25,train
fef56028-bbbe-11e8-b2ba-ac1f6b6435d0,19,train
f89b05e0-bba8-11e8-b2ba-ac1f6b6435d0,2,train
f1e757a2-bb9a-11e8-b2b9-ac1f6b6435d0,0 5,train
f2d2625a-bbaa-11e8-b2ba-ac1f6b6435d0,7,train
f49c228e-bbae-11e8-b2ba-ac1f6b6435d0,2,train
f75110d0-bbad-11e8-b2ba-ac1f6b6435d0,0 25,train
f4af891e-bbae-11e8-b2ba-ac1f6b6435d0,5,train
fd92a55a-bb9c-11e8-b2b9-ac1f6b6435d0,4,train
f45dd240-bbbd-11e8-b2ba-ac1f6b6435d0,0,train
fb60a272-bbc0-11e8-b2bb-ac1f6b6435d0,1 2,train
ff4043e6-bbae-11e8-b2ba-ac1f6b6435d0,12 4,train
f3ab1db0-bbab-11e8-b2ba-ac1f6b6435d0,0 14,train
fa511d10-bbc7-11e8-b2bc-ac1f6b6435d0,5,train
fcf67208-bbb4-11e8-b2ba-ac1f6b6435d0,18,train
f4438b1a-bbb3-11e8-b2ba-ac1f6b6435d0,13,train
ffa2ad3a-bba7-11e8-b2ba-ac1f6b6435d0,24,train
f4e49032-bba9-11e8-b2ba-ac1f6b6435d0,0 25 7,train
f70cc9c4-bbc7-11e8-b2bc-ac1f6b6435d0,25 21,train
ff3a61d4-bb9e-11e8-b2b9-ac1f6b6435d0,25,train
f9062e70-bbc5-11e8-b2bc-ac1f6b6435d0,14,train
fc65b678-bba5-11e8-b2ba-ac1f6b6435d0,7,train
f55133c8-bba8-11e8-b2ba-ac1f6b6435d0,12 14,train
f9c63e66-bbc7-11e8-b2bc-ac1f6b6435d0,0,train
f7ef507e-bb9e-11e8-b2b9-ac1f6b6435d0,21,train
f8868aae-bba6-11e8-b2ba-ac1f6b6435d0,25,train
f2ba4dac-bbc1-11e8-b2bb-ac1f6b6435d0,5,train
fd7623ca-bbc0-11e8-b2bb-ac1f6b6435d0,23,train
ff099d7a-bba7-11e8-b2ba-ac1f6b6435d0,5,train
f757fb52-bbc6-11e8-b2bc-ac1f6b6435d0,0 16 24,train
f497363e-bb9f-11e8-b2b9-ac1f6b6435d0,2,train
f97c7a30-bbac-11e8-b2ba-ac1f6b6435d0,0 7,train
fcd5db3c-bbab-11e8-b2ba-ac1f6b6435d0,25 21,train
f5288b50-bbab-11e8-b2ba-ac1f6b6435d0,0 24 2,train
f19833f4-bbbb-11e8-b2ba-ac1f6b6435d0,25 5,train
fd4d2fd4-bba6-11e8-b2ba-ac1f6b6435d0,14,train
fcd25536-bba9-11e8-b2ba-ac1f6b6435d0,0,train
fa81dac0-bbc4-11e8-b2bc-ac1f6b6435d0,0 19 23,train
fccd3fea-bbbf-11e8-b2bb-ac1f6b6435d0,11,train
fb7a59b0-bbc0-11e8-b2bb-ac1f6b6435d0,0 25,train
fac9ccee-bba2-11e8-b2b9-ac1f6b6435d0,25,train
fc76417a-bbbc-11e8-b2ba-ac1f6b6435d0,0 2,train
f7bf73f0-bb9d-11e8-b2b9-ac1f6b6435d0,25 22,train
f85522e4-bba5-11e8-b2ba-ac1f6b6435d0,12 13,train
f388692c-bbbb-11e8-b2ba-ac1f6b6435d0,25,train
fa899bd0-bbb9-11e8-b2ba-ac1f6b6435d0,0 4,train
fdb36bfc-bb9f-11e8-b2b9-ac1f6b6435d0,0,train
fc5defb6-bbc2-11e8-b2bc-ac1f6b6435d0,0 2 12,train
fcafee0a-bbbe-11e8-b2ba-ac1f6b6435d0,25 2 6,train
ff845e48-bbb1-11e8-b2ba-ac1f6b6435d0,0 19,train
fe0cb9be-bbb8-11e8-b2ba-ac1f6b6435d0,0 25,train
f7a737ce-bbaf-11e8-b2ba-ac1f6b6435d0,19,train
f46eb142-bbad-11e8-b2ba-ac1f6b6435d0,5,train
f4a132ec-bbc7-11e8-b2bc-ac1f6b6435d0,0 21,train
fd79add2-bbc6-11e8-b2bc-ac1f6b6435d0,4 23,train
f4fb5892-bbb0-11e8-b2ba-ac1f6b6435d0,12,train
f5ccb3b2-bba4-11e8-b2ba-ac1f6b6435d0,0,train
f27ac64e-bbb9-11e8-b2ba-ac1f6b6435d0,0 25,train
f9897964-bb9e-11e8-b2b9-ac1f6b6435d0,7,train
f2244356-bba9-11e8-b2ba-ac1f6b6435d0,0 19,train
f9f2a74e-bb9f-11e8-b2b9-ac1f6b6435d0,0 21,train
fd56d07c-bb9a-11e8-b2b9-ac1f6b6435d0,0 16 11,train
ffd96262-bbc0-11e8-b2bb-ac1f6b6435d0,4,train
fd35b5fc-bbb5-11e8-b2ba-ac1f6b6435d0,5,train
f97df092-bbc8-11e8-b2bc-ac1f6b6435d0,0,train
faf42e9c-bbbd-11e8-b2ba-ac1f6b6435d0,16 14,train
f0383d10-bba2-11e8-b2b9-ac1f6b6435d0,0 5,train
fc776002-bbb0-11e8-b2ba-ac1f6b6435d0,25,train
f7d3f7b6-bbad-11e8-b2ba-ac1f6b6435d0,0,train
fc5cd1f2-bbb9-11e8-b2ba-ac1f6b6435d0,3,train
f20c96e8-bbc2-11e8-b2bc-ac1f6b6435d0,0 19,train
fe377b38-bbac-11e8-b2ba-ac1f6b6435d0,11,train
f52829de-bbb1-11e8-b2ba-ac1f6b6435d0,0,train
ff917b50-bbac-11e8-b2ba-ac1f6b6435d0,0 21 13,train
f253d272-bbc9-11e8-b2bc-ac1f6b6435d0,0 21,train
f190a38a-bbbd-11e8-b2ba-ac1f6b6435d0,0 14,train
f29f9320-bba0-11e8-b2b9-ac1f6b6435d0,7,train
f82d1bac-bbc6-11e8-b2bc-ac1f6b6435d0,5,train
f31d8058-bbac-11e8-b2ba-ac1f6b6435d0,21,train
f8191c3c-bb9a-11e8-b2b9-ac1f6b6435d0,0,train
f0f13aec-bbbe-11e8-b2ba-ac1f6b6435d0,7,train
fe9dd5f4-bbc0-11e8-b2bb-ac1f6b6435d0,0 19 11,train
ff20125c-bbc6-11e8-b2bc-ac1f6b6435d0,0 25 13,train
f0ac7116-bb99-11e8-b2b9-ac1f6b6435d0,24,train
f2ccab64-bbb2-11e8-b2ba-ac1f6b6435d0,0 25 21,train
f6123226-bbc6-11e8-b2bc-ac1f6b6435d0,5,train
fa77c856-bbaf-11e8-b2ba-ac1f6b6435d0,1,train
fbb44840-bb9e-11e8-b2b9-ac1f6b6435d0,2,train
fac181a0-bbb2-11e8-b2ba-ac1f6b6435d0,18,train
fe604166-bbc6-11e8-b2bc-ac1f6b6435d0,0,train
fb316882-bbb0-11e8-b2ba-ac1f6b6435d0,12,train
f6208d02-bba9-11e8-b2ba-ac1f6b6435d0,23,train
f3440b1c-bba5-11e8-b2ba-ac1f6b6435d0,21 6,train
f7c34182-bbb2-11e8-b2ba-ac1f6b6435d0,0 11,train
f22dae1a-bbbc-11e8-b2ba-ac1f6b6435d0,25 21 22,train
fc70a352-bbba-11e8-b2ba-ac1f6b6435d0,0 21,train
f11b1360-bbc0-11e8-b2bb-ac1f6b6435d0,21,train
f384e830-bbaa-11e8-b2ba-ac1f6b6435d0,7,train
f2e8f264-bb9a-11e8-b2b9-ac1f6b6435d0,25,train
f71598e6-bba0-11e8-b2b9-ac1f6b6435d0,5 21,train
ff15e4e6-bbc4-11e8-b2bc-ac1f6b6435d0,3,train
f074aba6-bbc5-11e8-b2bc-ac1f6b6435d0,0 25 5,train
ffaebd74-bb9c-11e8-b2b9-ac1f6b6435d0,0 25 5,train
f137c772-bba6-11e8-b2ba-ac1f6b6435d0,1,train
fa39ca56-bba5-11e8-b2ba-ac1f6b6435d0,0,train
f482d29c-bbb4-11e8-b2ba-ac1f6b6435d0,0 25,train
fb49c212-bbc2-11e8-b2bc-ac1f6b6435d0,6,train
f92afe32-bbbe-11e8-b2ba-ac1f6b6435d0,6,train
f6cd5eda-bba2-11e8-b2b9-ac1f6b6435d0,0 1,train
f835706c-bbc7-11e8-b2bc-ac1f6b6435d0,25,train
f8dfdae4-bb99-11e8-b2b9-ac1f6b6435d0,25 26,train
f7453652-bbb7-11e8-b2ba-ac1f6b6435d0,4,train
f71d948a-bba8-11e8-b2ba-ac1f6b6435d0,19 21,train
f83bb8a6-bbc6-11e8-b2bc-ac1f6b6435d0,21,train
f8ce7798-bbb9-11e8-b2ba-ac1f6b6435d0,0 5,train
f9e412e2-bba9-11e8-b2ba-ac1f6b6435d0,25 13,train
fb30b49c-bbbe-11e8-b2ba-ac1f6b6435d0,23,train
f200f97e-bba8-11e8-b2ba-ac1f6b6435d0,0 21,train
f8f599ca-bbbb-11e8-b2ba-ac1f6b6435d0,0 25,train
f581f360-bb9d-11e8-b2b9-ac1f6b6435d0,0,train
f1cf157a-bbbd-11e8-b2ba-ac1f6b6435d0,0 5,train
fe684504-bbae-11e8-b2ba-ac1f6b6435d0,4,train
f447bd84-bbc7-11e8-b2bc-ac1f6b6435d0,0,train
f0f71d68-bbb9-11e8-b2ba-ac1f6b6435d0,11,train
fe641ebc-bb99-11e8-b2b9-ac1f6b6435d0,0 25,train
f6ad2d6c-bba3-11e8-b2b9-ac1f6b6435d0,21,train
f1832de6-bba3-11e8-b2b9-ac1f6b6435d0,3 21,train
ff2a8528-bbb4-11e8-b2ba-ac1f6b6435d0,25 18,train
f9ffe5be-bba2-11e8-b2b9-ac1f6b6435d0,0 12,train
f47686fc-bbb1-11e8-b2ba-ac1f6b6435d0,11,train
f72cd504-bba7-11e8-b2ba-ac1f6b6435d0,21,train
f6d8fab8-bba4-11e8-b2ba-ac1f6b6435d0,18,train
f0d13124-bbb5-11e8-b2ba-ac1f6b6435d0,25,train
f19d4db0-bbb8-11e8-b2ba-ac1f6b6435d0,0 3,train
fda29628-bbb4-11e8-b2ba-ac1f6b6435d0,25,train
fb7c2b32-bbc5-11e8-b2bc-ac1f6b6435d0,25,train
f7ffc85c-bbb0-11e8-b2ba-ac1f6b6435d0,23,train
ff0a2ba8-bbae-11e8-b2ba-ac1f6b6435d0,0 25,train
fc9bd246-bbc1-11e8-b2bb-ac1f6b6435d0,25 2,train
f6818aee-bb9a-11e8-b2b9-ac1f6b6435d0,0 19,train
f4fde05a-bbbd-11e8-b2ba-ac1f6b6435d0,12,train
f5a72606-bbc2-11e8-b2bc-ac1f6b6435d0,25 5,train
fef0e30a-bbc7-11e8-b2bc-ac1f6b6435d0,25,train
fd2ef722-bb9b-11e8-b2b9-ac1f6b6435d0,21,train
f56bd9a4-bba2-11e8-b2b9-ac1f6b6435d0,0 25,train
f9fced36-bbb2-11e8-b2ba-ac1f6b6435d0,25,train
f73b2412-bbb9-11e8-b2ba-ac1f6b6435d0,6,train
f26346a6-bbc6-11e8-b2bc-ac1f6b6435d0,2 11,train
f62201d2-bbae-11e8-b2ba-ac1f6b6435d0,25,train
fa95b03c-bbaa-11e8-b2ba-ac1f6b6435d0,0,train
fadaf4b2-bbaf-11e8-b2ba-ac1f6b6435d0,0 25 2,train
f0a8cd4a-bbb2-11e8-b2ba-ac1f6b6435d0,3,train
fc9d9192-bb9b-11e8-b2b9-ac1f6b6435d0,0 12,train
fa5cad78-bba5-11e8-b2ba-ac1f6b6435d0,0 25,train
f57bf29a-bbab-11e8-b2ba-ac1f6b6435d0,1,train
f4f2d990-bbc6-11e8-b2bc-ac1f6b6435d0,14,train
f5edd364-bbc0-11e8-b2bb-ac1f6b6435d0,0 21 7,train
f612a65c-bbad-11e8-b2ba-ac1f6b6435d0,0,train
fde2674a-bbbd-11e8-b2ba-ac1f6b6435d0,0,train
f7fddea0-bbb7-11e8-b2ba-ac1f6b6435d0,12 21,train
f8749f0e-bba3-11e8-b2b9-ac1f6b6435d0,0 21,train
f3e8df5e-bbc6-11e8-b2bc-ac1f6b6435d0,0 7,train
f38dce96-bbb9-11e8-b2ba-ac1f6b6435d0,0,train
fedb49d0-bba6-11e8-b2ba-ac1f6b6435d0,0 5,train
f343c860-bb9a-11e8-b2b9-ac1f6b6435d0,25,train
fd6b7486-bba0-11e8-b2b9-ac1f6b6435d0,0 7,train
f3b80420-bb9d-11e8-b2b9-ac1f6b6435d0,3 7,train
f17503a2-bbb6-11e8-b2ba-ac1f6b6435d0,0 6,train
ffb00d58-bba3-11e8-b2b9-ac1f6b6435d0,0 25 18,train
f2a0f718-bbb6-11e8-b2ba-ac1f6b6435d0,3,train
f623be3e-bbb1-11e8-b2ba-ac1f6b6435d0,0 14 7,train
f244bcb8-bba8-11e8-b2ba-ac1f6b6435d0,19,train
f5f09afa-bbb5-11e8-b2ba-ac1f6b6435d0,6,train
f4497194-bbb1-11e8-b2ba-ac1f6b6435d0,0 25 12 21,train
f492ff1a-bbc7-11e8-b2bc-ac1f6b6435d0,25 14,train
f34ed7de-bbbb-11e8-b2ba-ac1f6b6435d0,5,train
f9ea2268-bbc7-11e8-b2bc-ac1f6b6435d0,0 7,train
fe1f4d74-bbbb-11e8-b2ba-ac1f6b6435d0,12 4,train
faf9dd16-bbc1-11e8-b2bb-ac1f6b6435d0,7,train
f0f4caca-bbb6-11e8-b2ba-ac1f6b6435d0,2,train
f23b1e20-bba2-11e8-b2b9-ac1f6b6435d0,17 18 25,train
fe230d5c-bbab-11e8-b2ba-ac1f6b6435d0,2,train
f3afb4ea-bbb7-11e8-b2ba-ac1f6b6435d0,0,train
f1ce6b1c-bba8-11e8-b2ba-ac1f6b6435d0,0 25 21,train
f119d0fe-bbac-11e8-b2ba-ac1f6b6435d0,2,train
f3f39a90-bbab-11e8-b2ba-ac1f6b6435d0,4,train
f55c9b6e-bb99-11e8-b2b9-ac1f6b6435d0,23,train
f40b8660-bbaf-11e8-b2ba-ac1f6b6435d0,11,train
f5cbc37e-bb9c-11e8-b2b9-ac1f6b6435d0,3,train
f350b8cc-bbae-11e8-b2ba-ac1f6b6435d0,6,train
fc3f863e-bbb8-11e8-b2ba-ac1f6b6435d0,19,train
f2e403ec-bbb0-11e8-b2ba-ac1f6b6435d0,0 22,train
f910a830-bbb8-11e8-b2ba-ac1f6b6435d0,4,train
ff625c52-bbc6-11e8-b2bc-ac1f6b6435d0,0,train
f7035070-bbc1-11e8-b2bb-ac1f6b6435d0,0 25 21,train
f855e0f2-bba1-11e8-b2b9-ac1f6b6435d0,0 16 7,train
fc401bd4-bba5-11e8-b2ba-ac1f6b6435d0,21,train
fce8d102-bbaa-11e8-b2ba-ac1f6b6435d0,0,train
fce5e3e2-bba1-11e8-b2b9-ac1f6b6435d0,25 5,train
fd6d5b3a-bbbd-11e8-b2ba-ac1f6b6435d0,0 22,train
fcdc8ca6-bbb1-11e8-b2ba-ac1f6b6435d0,23,train
fdccccfc-bbc0-11e8-b2bb-ac1f6b6435d0,24 25,train
f1115948-bbba-11e8-b2ba-ac1f6b6435d0,4,train
ff59f2f0-bb9a-11e8-b2b9-ac1f6b6435d0,0,train
f98d301c-bbb8-11e8-b2ba-ac1f6b6435d0,0 25,train
f59515c6-bb9d-11e8-b2b9-ac1f6b6435d0,0 1,train
f30dcb04-bbc5-11e8-b2bc-ac1f6b6435d0,0 23,train
fb8b2a22-bbb3-11e8-b2ba-ac1f6b6435d0,25,train
fbb5849a-bbac-11e8-b2ba-ac1f6b6435d0,0 2,train
ff70c14a-bba1-11e8-b2b9-ac1f6b6435d0,25 5,train
f421e3cc-bbbb-11e8-b2ba-ac1f6b6435d0,25 14,train
fe1b8a18-bbc5-11e8-b2bc-ac1f6b6435d0,0 25 7,train
f51a2552-bba5-11e8-b2ba-ac1f6b6435d0,5,train
f303b432-bba9-11e8-b2ba-ac1f6b6435d0,0 25 3,train
f0e29e2c-bbb1-11e8-b2ba-ac1f6b6435d0,23,train
f1d95462-bbb4-11e8-b2ba-ac1f6b6435d0,23,train
f73f32ac-bbc1-11e8-b2bb-ac1f6b6435d0,0,train
f6c05dc4-bbc1-11e8-b2bb-ac1f6b6435d0,0 21,train
ff50f550-bbaa-11e8-b2ba-ac1f6b6435d0,0 1,train
fccaa6a4-bb9c-11e8-b2b9-ac1f6b6435d0,4,train
f534a88a-bba2-11e8-b2b9-ac1f6b6435d0,0,train
f224a792-bb9a-11e8-b2b9-ac1f6b6435d0,5,train
fdbcb57a-bbba-11e8-b2ba-ac1f6b6435d0,25 4 13,train
fbf3543c-bba2-11e8-b2b9-ac1f6b6435d0,14,train
f9a64202-bbb6-11e8-b2ba-ac1f6b6435d0,0 25,train
fc18e84c-bbc4-11e8-b2bc-ac1f6b6435d0,25,train
f3fbfc8a-bba1-11e8-b2b9-ac1f6b6435d0,0 16 25,train
fde3c730-bbc6-11e8-b2bc-ac1f6b6435d0,0 25 3,train
fa2eed80-bbb8-11e8-b2ba-ac1f6b6435d0,21,train
f9a71b5e-bbc6-11e8-b2bc-ac1f6b6435d0,22,train
f00032ca-bbb2-11e8-b2ba-ac1f6b6435d0,23,train
f0ffc812-bb9d-11e8-b2b9-ac1f6b6435d0,4,train
f7dd1356-bb9d-11e8-b2b9-ac1f6b6435d0,0 18 21,train
fb706d38-bbb6-11e8-b2ba-ac1f6b6435d0,0 12 23,train
f67dd78e-bbbb-11e8-b2ba-ac1f6b6435d0,3,train
f67e7ce0-bbb4-11e8-b2ba-ac1f6b6435d0,23,train
f6cefc98-bbae-11e8-b2ba-ac1f6b6435d0,21,train
fffdf7e0-bbc4-11e8-b2bc-ac1f6b6435d0,25 2 21,train
f845489e-bbb7-11e8-b2ba-ac1f6b6435d0,0 19,train
f98f7d8c-bba3-11e8-b2b9-ac1f6b6435d0,24 23,train
ff2e8908-bbc7-11e8-b2bc-ac1f6b6435d0,25 21,train
fa15cc3c-bbb9-11e8-b2ba-ac1f6b6435d0,0,train
fc827a1c-bbc1-11e8-b2bb-ac1f6b6435d0,0 25 5,train
f24e8b28-bba6-11e8-b2ba-ac1f6b6435d0,2 23,train
f1d629fa-bbae-11e8-b2ba-ac1f6b6435d0,0 25,train
fa68d7aa-bba1-11e8-b2b9-ac1f6b6435d0,7,train
f510ca4c-bbab-11e8-b2ba-ac1f6b6435d0,0,train
f837c010-bba4-11e8-b2ba-ac1f6b6435d0,0 25 5,train
fe9afe52-bbc9-11e8-b2bc-ac1f6b6435d0,19,train
f82dda70-bba7-11e8-b2ba-ac1f6b6435d0,0 18,train
f94402a2-bbbd-11e8-b2ba-ac1f6b6435d0,3 25 11,train
f7873be0-bba5-11e8-b2ba-ac1f6b6435d0,5,train
f1b2ffca-bbc2-11e8-b2bc-ac1f6b6435d0,23,train
f9133c9a-bb99-11e8-b2b9-ac1f6b6435d0,0 25 2 7,train
fd0e5658-bba4-11e8-b2ba-ac1f6b6435d0,0 25,train
f838972e-bba4-11e8-b2ba-ac1f6b6435d0,19,train
f2c99084-bbb5-11e8-b2ba-ac1f6b6435d0,7,train
f3869a76-bbab-11e8-b2ba-ac1f6b6435d0,0 25 7,train
fd4df8f6-bbc9-11e8-b2bc-ac1f6b6435d0,25,train
fbeca024-bb9d-11e8-b2b9-ac1f6b6435d0,0 25 21,train
f0af0976-bbc1-11e8-b2bb-ac1f6b6435d0,6,train
f6e5d632-bba1-11e8-b2b9-ac1f6b6435d0,0 25,train
f643530c-bba2-11e8-b2b9-ac1f6b6435d0,0 11,train
feaaa0ce-bba5-11e8-b2ba-ac1f6b6435d0,4,train
f6627258-bbae-11e8-b2ba-ac1f6b6435d0,25,train
fd20e3ac-bbbf-11e8-b2bb-ac1f6b6435d0,1 11,train
fefa29c4-bb9a-11e8-b2b9-ac1f6b6435d0,25 5,train
f721d41e-bb9e-11e8-b2b9-ac1f6b6435d0,13,train
f395e860-bb9b-11e8-b2b9-ac1f6b6435d0,21,train
f01aa0dc-bbc2-11e8-b2bc-ac1f6b6435d0,0 21,train
f5c2885e-bb9c-11e8-b2b9-ac1f6b6435d0,19,train
f1b0272a-bba7-11e8-b2ba-ac1f6b6435d0,0 25 11,train
f7522346-bbc4-11e8-b2bc-ac1f6b6435d0,0,train
f8d507c0-bbbe-11e8-b2ba-ac1f6b6435d0,23,train
f92453d2-bba7-11e8-b2ba-ac1f6b6435d0,23,train
f9eed764-bbbc-11e8-b2ba-ac1f6b6435d0,25 21,train
f23a5ab0-bb9a-11e8-b2b9-ac1f6b6435d0,23,train
f6e7b42a-bbb0-11e8-b2ba-ac1f6b6435d0,0,train
feacefc0-bbc1-11e8-b2bb-ac1f6b6435d0,25 2,train
f351e9ca-bbc4-11e8-b2bc-ac1f6b6435d0,22,train
f5fd654e-bba8-11e8-b2ba-ac1f6b6435d0,2 23,train
f1c9362a-bba7-11e8-b2ba-ac1f6b6435d0,0 7,train
f4e74dc6-bbaa-11e8-b2ba-ac1f6b6435d0,0 25,train
f3ab763c-bba3-11e8-b2b9-ac1f6b6435d0,6,train
fe6fcc62-bbb7-11e8-b2ba-ac1f6b6435d0,0 25 19,train
f908d9f6-bbb4-11e8-b2ba-ac1f6b6435d0,5,train
f908d40c-bbbd-11e8-b2ba-ac1f6b6435d0,25,train
f4a9a13c-bbb0-11e8-b2ba-ac1f6b6435d0,4,train
f0119e26-bbac-11e8-b2ba-ac1f6b6435d0,0 5 21,train
fd11f2c8-bbc6-11e8-b2bc-ac1f6b6435d0,11,train
fdc3982c-bbbf-11e8-b2bb-ac1f6b6435d0,14,train
f59bc24c-bbbe-11e8-b2ba-ac1f6b6435d0,0 23,train
f205c4d6-bb99-11e8-b2b9-ac1f6b6435d0,0 5,train
ff512e3c-bba8-11e8-b2ba-ac1f6b6435d0,7,train
f15b9432-bbb9-11e8-b2ba-ac1f6b6435d0,25 21 22,train
f78cbf44-bbb3-11e8-b2ba-ac1f6b6435d0,0 1 2,train
f07cb2a6-bbbb-11e8-b2ba-ac1f6b6435d0,0 21,train
f493ad0e-bbc0-11e8-b2bb-ac1f6b6435d0,16 2 7,train
ffb5effa-bbaf-11e8-b2ba-ac1f6b6435d0,0,train
f630af46-bbbf-11e8-b2bb-ac1f6b6435d0,25 6,train
fc0324e8-bba2-11e8-b2b9-ac1f6b6435d0,0 23,train
f993f9c2-bbab-11e8-b2ba-ac1f6b6435d0,0 5,val
fcb023b0-bbb0-11e8-b2ba-ac1f6b6435d0,25 12,val
fa276008-bbb1-11e8-b2ba-ac1f6b6435d0,2 21,val
fe2d2d16-bbbd-11e8-b2ba-ac1f6b6435d0,21 6,val
f3070fa6-bbb8-11e8-b2ba-ac1f6b6435d0,0 7,val
f818a6c2-bba3-11e8-b2b9-ac1f6b6435d0,23,val
fb4ee010-bba1-11e8-b2b9-ac1f6b6435d0,0 19,val
fcf15b18-bbbb-11e8-b2ba-ac1f6b6435d0,1 21,val
fd34ea76-bbb2-11e8-b2ba-ac1f6b6435d0,23,val
f850bd86-bb9a-11e8-b2b9-ac1f6b6435d0,0 11,val
fabca6be-bba6-11e8-b2ba-ac1f6b6435d0,0 25 21 7,val
f9c647e2-bbbf-11e8-b2bb-ac1f6b6435d0,25,val
fea410e6-bbb0-11e8-b2ba-ac1f6b6435d0,24,val
f30e22c6-bbc9-11e8-b2bc-ac1f6b6435d0,11,val
f1b04ab4-bbb8-11e8-b2ba-ac1f6b6435d0,4,val
fc930890-bba9-11e8-b2ba-ac1f6b6435d0,22,val
fd9d77da-bbad-11e8-b2ba-ac1f6b6435d0,4,val
fa8d8c34-bbac-11e8-b2ba-ac1f6b6435d0,0 25,val
fdb48cfa-bbc0-11e8-b2bb-ac1f6b6435d0,19,val
f84d1646-bbbc-11e8-b2ba-ac1f6b6435d0,0 2,val
f4169db8-bbbc-11e8-b2ba-ac1f6b6435d0,0 5,val
f2df3a80-bba9-11e8-b2ba-ac1f6b6435d0,13,val
fb40de8e-bba6-11e8-b2ba-ac1f6b6435d0,3,val
f443ac84-bbc8-11e8-b2bc-ac1f6b6435d0,0 26,val
f0d89bc4-bb99-11e8-b2b9-ac1f6b6435d0,0 25,val
f50459c2-bb99-11e8-b2b9-ac1f6b6435d0,0 2,val
f752ee78-bba8-11e8-b2ba-ac1f6b6435d0,1,val
fd1befa0-bba6-11e8-b2ba-ac1f6b6435d0,0 7,val
fbb3ce26-bba1-11e8-b2b9-ac1f6b6435d0,17 25,val
ff640c94-bba0-11e8-b2b9-ac1f6b6435d0,0,val
f51d6fce-bbae-11e8-b2ba-ac1f6b6435d0,0 7,val
f7be7386-bbae-11e8-b2ba-ac1f6b6435d0,4 7,val
fe98a67c-bbc2-11e8-b2bc-ac1f6b6435d0,0 25 7,val
f1cca420-bbbd-11e8-b2ba-ac1f6b6435d0,23,val
f41c3858-bb9a-11e8-b2b9-ac1f6b6435d0,0,val
f26ecaaa-bba6-11e8-b2ba-ac1f6b6435d0,19,val
fb12be06-bbc3-11e8-b2bc-ac1f6b6435d0,0 25 18,val
fc951326-bbac-11e8-b2ba-ac1f6b6435d0,23,val
f4bc5886-bba1-11e8-b2b9-ac1f6b6435d0,0 25,val
fa5bb092-bbb1-11e8-b2ba-ac1f6b6435d0,7,val
fadc3324-bbb2-11e8-b2ba-ac1f6b6435d0,17 18 21,val
f91e73b0-bbaa-11e8-b2ba-ac1f6b6435d0,0 21,val
f578ffc0-bbb7-11e8-b2ba-ac1f6b6435d0,14,val
f7bc75c0-bbab-11e8-b2ba-ac1f6b6435d0,3,val
fe5a2e8e-bbb2-11e8-b2ba-ac1f6b6435d0,0,val
f1f9015a-bb9a-11e8-b2b9-ac1f6b6435d0,0 3,val
f29692c6-bb9f-11e8-b2b9-ac1f6b6435d0,0 25,val
f6bed276-bbb0-11e8-b2ba-ac1f6b6435d0,0 2,val
f3ac9332-bb9e-11e8-b2b9-ac1f6b6435d0,25,val
f2efaf5a-bbc2-11e8-b2bc-ac1f6b6435d0,0 26,val
fd984af6-bbbe-11e8-b2ba-ac1f6b6435d0,0 25,val
fa5c432c-bbc5-11e8-b2bc-ac1f6b6435d0,25,val
ff15d06a-bba0-11e8-b2b9-ac1f6b6435d0,8,val
f7775a1a-bbb2-11e8-b2ba-ac1f6b6435d0,25,val
fd632cac-bbac-11e8-b2ba-ac1f6b6435d0,11,val
f667c53e-bbc0-11e8-b2bb-ac1f6b6435d0,0 25,val
f947c08a-bba5-11e8-b2ba-ac1f6b6435d0,25 7,val
f02dbe42-bba4-11e8-b2ba-ac1f6b6435d0,2,val
f500aa1e-bbaf-11e8-b2ba-ac1f6b6435d0,21,val
f2b11656-bb99-11e8-b2b9-ac1f6b6435d0,26,val
ff1d944c-bbc5-11e8-b2bc-ac1f6b6435d0,0 21,val
f2998bbe-bbab-11e8-b2ba-ac1f6b6435d0,25,val
f3b9aa86-bb9e-11e8-b2b9-ac1f6b6435d0,0,val
f721dfa6-bbb5-11e8-b2ba-ac1f6b6435d0,23,val
fde3764e-bbc7-11e8-b2bc-ac1f6b6435d0,0,val
f284811e-bb9d-11e8-b2b9-ac1f6b6435d0,11,val
fa889416-bbc7-11e8-b2bc-ac1f6b6435d0,21,val
f31221e8-bba9-11e8-b2ba-ac1f6b6435d0,25 14,val
f7c4fab6-bb9b-11e8-b2b9-ac1f6b6435d0,0 18,val
f0a81e1e-bbb6-11e8-b2ba-ac1f6b6435d0,0 25,val
f4c16ba6-bbc3-11e8-b2bc-ac1f6b6435d0,9 10,val
f498084a-bbac-11e8-b2ba-ac1f6b6435d0,25,val
f66fae2a-bbc0-11e8-b2bb-ac1f6b6435d0,2,val
fa69d828-bbc2-11e8-b2bc-ac1f6b6435d0,18,val
f53e2b26-bb9d-11e8-b2b9-ac1f6b6435d0,0 25,val
f89ae610-bbbb-11e8-b2ba-ac1f6b6435d0,0 25,val
fdaf5fcc-bbb2-11e8-b2ba-ac1f6b6435d0,0 21,val
f4c46c0a-bbb6-11e8-b2ba-ac1f6b6435d0,21,val
f9d8df68-bbb7-11e8-b2ba-ac1f6b6435d0,23,val
f5c6397a-bb99-11e8-b2b9-ac1f6b6435d0,0,val
f4e8de50-bbc5-11e8-b2bc-ac1f6b6435d0,0 25,val
f69226f2-bbbc-11e8-b2ba-ac1f6b6435d0,25 4 21,val
fa30e834-bba8-11e8-b2ba-ac1f6b6435d0,21 22,val
fe0efd96-bbc2-11e8-b2bc-ac1f6b6435d0,0 25 12,val
f1709e36-bb9b-11e8-b2b9-ac1f6b6435d0,11 4,val
f86dbe42-bbb1-11e8-b2ba-ac1f6b6435d0,0 25,val
fd4fbf38-bbc4-11e8-b2bc-ac1f6b6435d0,12,val
fb1f3d14-bbc5-11e8-b2bc-ac1f6b6435d0,0 25,val
f4acbf26-bbb9-11e8-b2ba-ac1f6b6435d0,25 21 22,val
fdc28b1c-bbbf-11e8-b2bb-ac1f6b6435d0,5,val
f4460b8a-bba2-11e8-b2b9-ac1f6b6435d0,23,val
ffd2b880-bba8-11e8-b2ba-ac1f6b6435d0,0 25 3,val
fed9906a-bbb8-11e8-b2ba-ac1f6b6435d0,23,val
f964b18e-bbac-11e8-b2ba-ac1f6b6435d0,22,val
ff245c80-bb9f-11e8-b2b9-ac1f6b6435d0,0 5,val
f9a76a34-bbb0-11e8-b2ba-ac1f6b6435d0,12,val
f2e151ec-bbba-11e8-b2ba-ac1f6b6435d0,4,val
f49ed798-bbc9-11e8-b2bc-ac1f6b6435d0,0 25 2,val
ff8e5cf2-bb9f-11e8-b2b9-ac1f6b6435d0,0,val
f1cb5af2-bbc7-11e8-b2bc-ac1f6b6435d0,25 21,val
fdac5e38-bba5-11e8-b2ba-ac1f6b6435d0,4 21,val
fcff15d8-bbb5-11e8-b2ba-ac1f6b6435d0,0 19,val
f87dcdf2-bb9b-11e8-b2b9-ac1f6b6435d0,16 2,val
f4ce9dfc-bbc9-11e8-b2bc-ac1f6b6435d0,0 2 11,val
f01d9c0c-bbb2-11e8-b2ba-ac1f6b6435d0,0 25,val
fce257c2-bbb0-11e8-b2ba-ac1f6b6435d0,0 25,val
f925ec74-bbac-11e8-b2ba-ac1f6b6435d0,0 2,val
f83d487c-bbaa-11e8-b2ba-ac1f6b6435d0,14,val
f367cba2-bbbd-11e8-b2ba-ac1f6b6435d0,19 23,val
f47fc010-bbb0-11e8-b2ba-ac1f6b6435d0,11,val
f4fa76b4-bba3-11e8-b2b9-ac1f6b6435d0,5 13,val
f40f2982-bbaf-11e8-b2ba-ac1f6b6435d0,23,val
f527a614-bbaa-11e8-b2ba-ac1f6b6435d0,23,val
fb0068ba-bb9a-11e8-b2b9-ac1f6b6435d0,25 5,val
f6e90044-bbc1-11e8-b2bb-ac1f6b6435d0,0 3,val
f3118772-bbbf-11e8-b2bb-ac1f6b6435d0,0 2 11,val
fe92c90a-bbae-11e8-b2ba-ac1f6b6435d0,5,val
f2747e0e-bba2-11e8-b2b9-ac1f6b6435d0,25 23,val
f4f0e742-bbae-11e8-b2ba-ac1f6b6435d0,0 25 2,val
f0e1d94e-bba5-11e8-b2ba-ac1f6b6435d0,25 21,val
f50e465c-bbc2-11e8-b2bc-ac1f6b6435d0,5,val
ff165b16-bbaa-11e8-b2ba-ac1f6b6435d0,0 2,val
f3a02ba6-bba3-11e8-b2b9-ac1f6b6435d0,25,val
fb4d07fa-bbb9-11e8-b2ba-ac1f6b6435d0,25,val
f902d052-bb9f-11e8-b2b9-ac1f6b6435d0,0 1,val
ffc30612-bbbf-11e8-b2bb-ac1f6b6435d0,0 3,val
f8a1d2d0-bb99-11e8-b2b9-ac1f6b6435d0,0 3,val
f820ab90-bbaf-11e8-b2ba-ac1f6b6435d0,0 14,val
f5cca6e0-bbc4-11e8-b2bc-ac1f6b6435d0,6,val
f933b922-bba1-11e8-b2b9-ac1f6b6435d0,0 6,val
fd6cd7be-bbb8-11e8-b2ba-ac1f6b6435d0,25 21,val
fd3bebba-bbbb-11e8-b2ba-ac1f6b6435d0,12 21,val
f4f79da4-bbc6-11e8-b2bc-ac1f6b6435d0,0 25 7,val
f8bec248-bbc9-11e8-b2bc-ac1f6b6435d0,0 5,val
f3d3685c-bba0-11e8-b2b9-ac1f6b6435d0,4,val
f3bd5dde-bbad-11e8-b2ba-ac1f6b6435d0,23,val
fb3b5930-bbbc-11e8-b2ba-ac1f6b6435d0,22,val
fcb3b6e8-bba0-11e8-b2b9-ac1f6b6435d0,25,val
f6a9ebcc-bbb5-11e8-b2ba-ac1f6b6435d0,14,val
fec59306-bbc9-11e8-b2bc-ac1f6b6435d0,3,val
f00c498c-bbc3-11e8-b2bc-ac1f6b6435d0,25,val
f02d11e4-bbb4-11e8-b2ba-ac1f6b6435d0,0,val
f0f3b55a-bba1-11e8-b2b9-ac1f6b6435d0,0 21 13,val
fcc619a4-bba1-11e8-b2b9-ac1f6b6435d0,0 16 5,val
f1c7702c-bbc7-11e8-b2bc-ac1f6b6435d0,25 21,val
f6ff8720-bbb6-11e8-b2ba-ac1f6b6435d0,0 21,val
f8fc69be-bbb9-11e8-b2ba-ac1f6b6435d0,0,val
f3773d04-bbb2-11e8-b2ba-ac1f6b6435d0,1 3 4,val
f2397f00-bbb3-11e8-b2ba-ac1f6b6435d0,21 22,val
ff3e219e-bba7-11e8-b2ba-ac1f6b6435d0,2 23,val
f3f2d7ac-bbc1-11e8-b2bb-ac1f6b6435d0,0 2,val
fbbee0da-bbc0-11e8-b2bb-ac1f6b6435d0,25 6,val
f7e03e82-bba2-11e8-b2b9-ac1f6b6435d0,25 5 21,val
f00b921a-bba7-11e8-b2ba-ac1f6b6435d0,25 2,val
ff56d3c0-bba1-11e8-b2b9-ac1f6b6435d0,21 13,val
fc410756-bbc3-11e8-b2bc-ac1f6b6435d0,21,val
f25905c8-bbb8-11e8-b2ba-ac1f6b6435d0,23,val
f51682a8-bba5-11e8-b2ba-ac1f6b6435d0,7,val
f128eea8-bba3-11e8-b2b9-ac1f6b6435d0,0 16,val
f8a8abb2-bba5-11e8-b2ba-ac1f6b6435d0,0 25 21,val
f6f5ea16-bbc6-11e8-b2bc-ac1f6b6435d0,0 25,val
f28313d2-bbad-11e8-b2ba-ac1f6b6435d0,13,val
f0a4c888-bbaa-11e8-b2ba-ac1f6b6435d0,23,val
f1a4f2d8-bb9d-11e8-b2b9-ac1f6b6435d0,22,val
f565f02c-bbc8-11e8-b2bc-ac1f6b6435d0,0 3,val
f9da9a00-bba4-11e8-b2ba-ac1f6b6435d0,0 25 2,val
f01defda-bbb8-11e8-b2ba-ac1f6b6435d0,25 5,val
fa08a68a-bba8-11e8-b2ba-ac1f6b6435d0,0 23,val
fc369b44-bbc4-11e8-b2bc-ac1f6b6435d0,25 21,val
fb06a518-bbb8-11e8-b2ba-ac1f6b6435d0,25 21,val
f34cbeb0-bbb9-11e8-b2ba-ac1f6b6435d0,0 21,val
fa40d97c-bbaf-11e8-b2ba-ac1f6b6435d0,0 1,val
fecdd160-bbc9-11e8-b2bc-ac1f6b6435d0,16 5,val
f7fe3908-bb9f-11e8-b2b9-ac1f6b6435d0,23,val
f3df8c3e-bbb1-11e8-b2ba-ac1f6b6435d0,0 19,val
fbfb2770-bba7-11e8-b2ba-ac1f6b6435d0,0 2,val
f941136c-bb9f-11e8-b2b9-ac1f6b6435d0,25 21,val
fc26da8c-bba2-11e8-b2b9-ac1f6b6435d0,11,val
f086150c-bb99-11e8-b2b9-ac1f6b6435d0,25,val
fe9f8f88-bbbc-11e8-b2ba-ac1f6b6435d0,0 3,val
fb8f1b50-bb9f-11e8-b2b9-ac1f6b6435d0,21,val
f1e1b8d2-bbb9-11e8-b2ba-ac1f6b6435d0,0 2,val
ff571e6c-bbaf-11e8-b2ba-ac1f6b6435d0,7,val
fa131046-bba0-11e8-b2b9-ac1f6b6435d0,0 21,val
f10040c4-bbc7-11e8-b2bc-ac1f6b6435d0,23,val
f7a47d02-bbbb-11e8-b2ba-ac1f6b6435d0,3,val
f80e5522-bbc2-11e8-b2bc-ac1f6b6435d0,0,val
f03024a0-bbb0-11e8-b2ba-ac1f6b6435d0,21,val
f0ad94b8-bb9b-11e8-b2b9-ac1f6b6435d0,14,val
f32323b4-bbc5-11e8-b2bc-ac1f6b6435d0,2 7,val
f2aca774-bb99-11e8-b2b9-ac1f6b6435d0,0,val
f5df678a-bbc9-11e8-b2bc-ac1f6b6435d0,0,val
f4532766-bbb6-11e8-b2ba-ac1f6b6435d0,2,val
fa7f0e28-bbc2-11e8-b2bc-ac1f6b6435d0,0 2,val
f63df1ec-bba1-11e8-b2b9-ac1f6b6435d0,5,val
fda1aa14-bbc4-11e8-b2bc-ac1f6b6435d0,25,val
fc9172ce-bbb7-11e8-b2ba-ac1f6b6435d0,3,val
f391be4e-bbb3-11e8-b2ba-ac1f6b6435d0,23,val
fda7529c-bbc5-11e8-b2bc-ac1f6b6435d0,0 23,val
f9d40b9e-bbc8-11e8-b2bc-ac1f6b6435d0,25 5 21,val
f5e495ea-bbbd-11e8-b2ba-ac1f6b6435d0,0,val
f1ab6c00-bbaa-11e8-b2ba-ac1f6b6435d0,0 11,val
f46ad924-bbc0-11e8-b2bb-ac1f6b6435d0,0,val
f8c55092-bb9a-11e8-b2b9-ac1f6b6435d0,0,val
f9215b40-bb9e-11e8-b2b9-ac1f6b6435d0,4,val
fa684894-bbbf-11e8-b2bb-ac1f6b6435d0,11,val
f619e538-bbb8-11e8-b2ba-ac1f6b6435d0,23,val
f84ba026-bbb8-11e8-b2ba-ac1f6b6435d0,25 21,val
f5664b5e-bbbd-11e8-b2ba-ac1f6b6435d0,0 7,val
f075caf4-bbac-11e8-b2ba-ac1f6b6435d0,0 25,val
fb8a72ec-bbb0-11e8-b2ba-ac1f6b6435d0,25 2 7,val
ff0f7b8c-bbb1-11e8-b2ba-ac1f6b6435d0,12,val
f39ea380-bbc6-11e8-b2bc-ac1f6b6435d0,12,val
f31785e0-bb9d-11e8-b2b9-ac1f6b6435d0,4,val
ff593c70-bb9a-11e8-b2b9-ac1f6b6435d0,4 13,val
fb4dc19e-bbbf-11e8-b2bb-ac1f6b6435d0,0 19,val
f01f3bb0-bb9a-11e8-b2b9-ac1f6b6435d0,25 12 21,val
fbc330e6-bbab-11e8-b2ba-ac1f6b6435d0,1 2 25,val
fac37b50-bbc5-11e8-b2bc-ac1f6b6435d0,0,val
fdf8c4a2-bbbf-11e8-b2bb-ac1f6b6435d0,25 21,val
fdc656d6-bb9a-11e8-b2b9-ac1f6b6435d0,0 25,val
fc1006a8-bbad-11e8-b2ba-ac1f6b6435d0,0 7,val
f060355c-bbb3-11e8-b2ba-ac1f6b6435d0,3 19,val
f94a5228-bbbe-11e8-b2ba-ac1f6b6435d0,7,val
ffcebbc8-bbc5-11e8-b2bc-ac1f6b6435d0,0 2 19,val
ffced1a2-bbad-11e8-b2ba-ac1f6b6435d0,25 7,val
f102e466-bbb6-11e8-b2ba-ac1f6b6435d0,4,val
f6c67a4e-bbbf-11e8-b2bb-ac1f6b6435d0,1,val
fc96d05a-bba0-11e8-b2b9-ac1f6b6435d0,4,val
fe20f730-bbb8-11e8-b2ba-ac1f6b6435d0,0 19 5,val
feb8e61c-bbc2-11e8-b2bc-ac1f6b6435d0,0 21,val
fbf0fa8a-bbba-11e8-b2ba-ac1f6b6435d0,3,val
f5ff171e-bbac-11e8-b2ba-ac1f6b6435d0,7,val
f0d923ec-bba2-11e8-b2b9-ac1f6b6435d0,12 13,val
f1b7fd32-bbb7-11e8-b2ba-ac1f6b6435d0,0 25,val
ff04f40e-bb9e-11e8-b2b9-ac1f6b6435d0,21,val
f7569b56-bbc9-11e8-b2bc-ac1f6b6435d0,3 5,val
f92bda64-bbaa-11e8-b2ba-ac1f6b6435d0,2,val
f704cef8-bbaf-11e8-b2ba-ac1f6b6435d0,0 25,val
fa8beaf2-bbc8-11e8-b2bc-ac1f6b6435d0,0,val
f3baf832-bbb7-11e8-b2ba-ac1f6b6435d0,1,val
f31ca386-bbc5-11e8-b2bc-ac1f6b6435d0,1 2 5 21,val
f15fb068-bba9-11e8-b2ba-ac1f6b6435d0,1,val
f089fd5a-bbc3-11e8-b2bc-ac1f6b6435d0,0 21,val
ff5447e2-bba4-11e8-b2ba-ac1f6b6435d0,0,val
fea6e496-bbbb-11e8-b2ba-ac1f6b6435d0,12,val
fa14a8ec-bbb0-11e8-b2ba-ac1f6b6435d0,0 25,val
ff066b6a-bbb5-11e8-b2ba-ac1f6b6435d0,19,val
fd844b04-bbc4-11e8-b2bc-ac1f6b6435d0,19,val
fe060cf2-bbc9-11e8-b2bc-ac1f6b6435d0,4,val
f1cb2f5a-bbc2-11e8-b2bc-ac1f6b6435d0,0 25 2 22,val
ffcf84d6-bbac-11e8-b2ba-ac1f6b6435d0,0,val
f4cbc842-bb9d-11e8-b2b9-ac1f6b6435d0,0 1 25,val
f9c37b78-bbbc-11e8-b2ba-ac1f6b6435d0,0 25 18,val
fe4010cc-bb9d-11e8-b2b9-ac1f6b6435d0,25 26,val
f9c6ac04-bbc5-11e8-b2bc-ac1f6b6435d0,0 3,val
f88e3a1a-bbab-11e8-b2ba-ac1f6b6435d0,14,val
f5c09c38-bbc4-11e8-b2bc-ac1f6b6435d0,0 7,val
f742cf72-bbbf-11e8-b2bb-ac1f6b6435d0,0 21,val
f712bc1a-bbc4-11e8-b2bc-ac1f6b6435d0,0 1 25,val
f887c126-bbc4-11e8-b2bc-ac1f6b6435d0,14,val
f75842e0-bbb9-11e8-b2ba-ac1f6b6435d0,2,val
f54fc238-bbba-11e8-b2ba-ac1f6b6435d0,0 25,val
f429cae2-bbc0-11e8-b2bb-ac1f6b6435d0,0 25 21,val
ff66fdbe-bbaa-11e8-b2ba-ac1f6b6435d0,7,val
f8b46f38-bba5-11e8-b2ba-ac1f6b6435d0,0 3,val
f9ca6430-bb9c-11e8-b2b9-ac1f6b6435d0,25 4 7,val
f1117f32-bbbe-11e8-b2ba-ac1f6b6435d0,0 5,val
f1a1b856-bbb2-11e8-b2ba-ac1f6b6435d0,7,val
f17c2e46-bbc7-11e8-b2bc-ac1f6b6435d0,0 25,val
f496bc1e-bb9e-11e8-b2b9-ac1f6b6435d0,22,val
fd6ab966-bbae-11e8-b2ba-ac1f6b6435d0,0 2,val
fb26ce1e-bbbe-11e8-b2ba-ac1f6b6435d0,0,val
fe938ddc-bbad-11e8-b2ba-ac1f6b6435d0,19,val
f7af21be-bb9b-11e8-b2b9-ac1f6b6435d0,23,val
f38ad554-bba7-11e8-b2ba-ac1f6b6435d0,0 5 15,val
f039a694-bbc7-11e8-b2bc-ac1f6b6435d0,23,val
fc007746-bba9-11e8-b2ba-ac1f6b6435d0,26,val
fee4ebfa-bbb7-11e8-b2ba-ac1f6b6435d0,0,val
f608ccda-bbae-11e8-b2ba-ac1f6b6435d0,25 21,val
f22e009e-bbc2-11e8-b2bc-ac1f6b6435d0,6,val
f2c7b4a2-bbb6-11e8-b2ba-ac1f6b6435d0,25 2,val
fc31de6c-bbb3-11e8-b2ba-ac1f6b6435d0,0 22,val
ff35ae08-bbb9-11e8-b2ba-ac1f6b6435d0,25 21,val
fec454d8-bbbe-11e8-b2ba-ac1f6b6435d0,5,val
f9655108-bbab-11e8-b2ba-ac1f6b6435d0,21,val
faf5a1d2-bbbd-11e8-b2ba-ac1f6b6435d0,7,val
f24ae2d0-bbaf-11e8-b2ba-ac1f6b6435d0,25 23,val
f2aec494-bbc8-11e8-b2bc-ac1f6b6435d0,3,val
fe06accc-bbb8-11e8-b2ba-ac1f6b6435d0,23,val
fe4fc596-bb9b-11e8-b2b9-ac1f6b6435d0,0 7,val
f10bcb02-bbbc-11e8-b2ba-ac1f6b6435d0,0 25,val
f5cf3564-bbc8-11e8-b2bc-ac1f6b6435d0,7,val
f353f38c-bbc4-11e8-b2bc-ac1f6b6435d0,1,val
f81ae7fe-bbba-11e8-b2ba-ac1f6b6435d0,0,val
f4f4cf50-bba5-11e8-b2ba-ac1f6b6435d0,6,val
f7e2bf64-bbba-11e8-b2ba-ac1f6b6435d0,0 12 7,val
f2b8ba3c-bba8-11e8-b2ba-ac1f6b6435d0,0 2 5,val
f2bae328-bba0-11e8-b2b9-ac1f6b6435d0,0 3,val
fc31ba00-bbb7-11e8-b2ba-ac1f6b6435d0,21,val
f116c1b4-bbb3-11e8-b2ba-ac1f6b6435d0,0 24,val
fa7302de-bbb0-11e8-b2ba-ac1f6b6435d0,0 25,val
f7472996-bba6-11e8-b2ba-ac1f6b6435d0,0,val
f668f9ec-bbc8-11e8-b2bc-ac1f6b6435d0,11,val
f6cad70a-bba7-11e8-b2ba-ac1f6b6435d0,0 21,val
fc04f5bc-bbc9-11e8-b2bc-ac1f6b6435d0,14,val
f5e998f2-bba3-11e8-b2b9-ac1f6b6435d0,25,val
fc7adb84-bbaf-11e8-b2ba-ac1f6b6435d0,0 18,val
fa7aab6a-bbba-11e8-b2ba-ac1f6b6435d0,25 21,val
f6e1ba12-bb9b-11e8-b2b9-ac1f6b6435d0,0 25,val
ff07a62e-bbc9-11e8-b2bc-ac1f6b6435d0,25 11,val
f5e82cde-bbb6-11e8-b2ba-ac1f6b6435d0,0 1,val
f781d8f8-bbb4-11e8-b2ba-ac1f6b6435d0,0 25,val
f51cbf76-bbc1-11e8-b2bb-ac1f6b6435d0,23,val
f4a2160c-bbb4-11e8-b2ba-ac1f6b6435d0,5,val
fdd94890-bbc7-11e8-b2bc-ac1f6b6435d0,22,val
f2d91e66-bb9a-11e8-b2b9-ac1f6b6435d0,0 2,val
f9f693da-bb9b-11e8-b2b9-ac1f6b6435d0,25,val
fd76e2c0-bbb5-11e8-b2ba-ac1f6b6435d0,25 21 23,val
f19d52ae-bbc9-11e8-b2bc-ac1f6b6435d0,5,val
f8cf7df0-bbb9-11e8-b2ba-ac1f6b6435d0,0 21,val
f79a7978-bbc1-11e8-b2bb-ac1f6b6435d0,0 25,val
fd6e0e74-bba2-11e8-b2b9-ac1f6b6435d0,7,val
fcff661c-bba3-11e8-b2b9-ac1f6b6435d0,2,val
fd911a4c-bbaa-11e8-b2ba-ac1f6b6435d0,0 21 22,val
f3d2b450-bbc0-11e8-b2bb-ac1f6b6435d0,25 4,val
f6ee8848-bbad-11e8-b2ba-ac1f6b6435d0,18,val
f6f91212-bbbd-11e8-b2ba-ac1f6b6435d0,0 25 5,val
fae5f414-bbb6-11e8-b2ba-ac1f6b6435d0,21,val
fd75786c-bbbb-11e8-b2ba-ac1f6b6435d0,4,val
fceb6aaa-bba7-11e8-b2ba-ac1f6b6435d0,25 5,val
fe5f0a62-bbbc-11e8-b2ba-ac1f6b6435d0,0 1,val
fe258714-bbb3-11e8-b2ba-ac1f6b6435d0,0 25 21,val
f2cfcd24-bba0-11e8-b2b9-ac1f6b6435d0,6,val
f392c9d6-bbbf-11e8-b2bb-ac1f6b6435d0,0 11,val
f22491ee-bbb8-11e8-b2ba-ac1f6b6435d0,0 21,val
f01389d4-bbb1-11e8-b2ba-ac1f6b6435d0,2,val
ffaa8068-bbad-11e8-b2ba-ac1f6b6435d0,11,val
fed251bc-bbc5-11e8-b2bc-ac1f6b6435d0,0 22,val
f4e07abe-bbc8-11e8-b2bc-ac1f6b6435d0,23,val
f4b09378-bb9e-11e8-b2b9-ac1f6b6435d0,0 25,val
f0c5d094-bbb6-11e8-b2ba-ac1f6b6435d0,0 23,val
fb591ef2-bba3-11e8-b2b9-ac1f6b6435d0,25 7,val
fd0ec4c0-bba0-11e8-b2b9-ac1f6b6435d0,0 1,val
f186246e-bbb8-11e8-b2ba-ac1f6b6435d0,0 2 23,val
fa47253c-bba2-11e8-b2b9-ac1f6b6435d0,0 2,val
fc2fdc5c-bba9-11e8-b2ba-ac1f6b6435d0,0 23,val
fd8f8d34-bb9c-11e8-b2b9-ac1f6b6435d0,23,val
fb7e9bae-bbb3-11e8-b2ba-ac1f6b6435d0,19,val
f5ff4106-bba4-11e8-b2ba-ac1f6b6435d0,4,val
fc691ad0-bbc7-11e8-b2bc-ac1f6b6435d0,21,val
fda4535e-bbbf-11e8-b2bb-ac1f6b6435d0,18,val
f2759418-bb9f-11e8-b2b9-ac1f6b6435d0,11,val
f427f2a6-bb9a-11e8-b2b9-ac1f6b6435d0,11,val
fbbc924a-bb9c-11e8-b2b9-ac1f6b6435d0,0 25,val
f26e11a0-bbb0-11e8-b2ba-ac1f6b6435d0,19,val
fea4fb58-bba3-11e8-b2b9-ac1f6b6435d0,0,test_val
f4b836ec-bbac-11e8-b2ba-ac1f6b6435d0,0 5,test_val
fac913b0-bbc2-11e8-b2bc-ac1f6b6435d0,0,test_val
f429aeea-bbac-11e8-b2ba-ac1f6b6435d0,0,test_val
ff378c38-bbb8-11e8-b2ba-ac1f6b6435d0,0,test_val
fdfb656c-bbc5-11e8-b2bc-ac1f6b6435d0,25 7,test_val
f5c6720c-bbba-11e8-b2ba-ac1f6b6435d0,0,test_val
f4ceb9e6-bb9b-11e8-b2b9-ac1f6b6435d0,0 19,test_val
fe71356e-bbb4-11e8-b2ba-ac1f6b6435d0,25 4 21,test_val
faedf6d4-bba5-11e8-b2ba-ac1f6b6435d0,0 25,test_val
fa6771f8-bbba-11e8-b2ba-ac1f6b6435d0,23,test_val
ffdcc5e4-bbaa-11e8-b2ba-ac1f6b6435d0,0,test_val
fc264e56-bb9c-11e8-b2b9-ac1f6b6435d0,1,test_val
f465b256-bbb5-11e8-b2ba-ac1f6b6435d0,0 12 21,test_val
fe22e54c-bbb1-11e8-b2ba-ac1f6b6435d0,0 1,test_val
f71758f4-bbb7-11e8-b2ba-ac1f6b6435d0,0 25,test_val
f7cba4e8-bbae-11e8-b2ba-ac1f6b6435d0,23,test_val
fbb9a078-bbc7-11e8-b2bc-ac1f6b6435d0,25 2,test_val
f803b252-bb9a-11e8-b2b9-ac1f6b6435d0,0 25 19,test_val
fadce44c-bba6-11e8-b2ba-ac1f6b6435d0,0 25,test_val
f27083c8-bbaf-11e8-b2ba-ac1f6b6435d0,0 2,test_val
f6823a8e-bba9-11e8-b2ba-ac1f6b6435d0,0 3,test_val
ff27fe94-bbb3-11e8-b2ba-ac1f6b6435d0,0 11,test_val
f362508a-bbb0-11e8-b2ba-ac1f6b6435d0,0 25,test_val
f1b72dc0-bbc7-11e8-b2bc-ac1f6b6435d0,23,test_val
fc12713e-bbaf-11e8-b2ba-ac1f6b6435d0,0 25 7,test_val
f8e3cfcc-bb9a-11e8-b2b9-ac1f6b6435d0,25,test_val
ff8ebd3a-bbc4-11e8-b2bc-ac1f6b6435d0,0 19,test_val
fe182a54-bb9c-11e8-b2b9-ac1f6b6435d0,0 5,test_val
fe28deb8-bbb4-11e8-b2ba-ac1f6b6435d0,0 25,test_val
fd2be810-bbba-11e8-b2ba-ac1f6b6435d0,0 21,test_val
f31c2f62-bbc2-11e8-b2bc-ac1f6b6435d0,0 25 3,test_val
f8c8310e-bba9-11e8-b2ba-ac1f6b6435d0,0 22,test_val
f7262674-bba6-11e8-b2ba-ac1f6b6435d0,6,test_val
fa726372-bbb2-11e8-b2ba-ac1f6b6435d0,25 14,test_val
f0c31b22-bba4-11e8-b2ba-ac1f6b6435d0,21,test_val
fb2670b0-bbb2-11e8-b2ba-ac1f6b6435d0,0 25 5,test_val
f649aec6-bbb8-11e8-b2ba-ac1f6b6435d0,25 7,test_val
f9ad5006-bbac-11e8-b2ba-ac1f6b6435d0,21,test_val
f605bdfe-bbc4-11e8-b2bc-ac1f6b6435d0,23,test_val
f66eb58e-bbc9-11e8-b2bc-ac1f6b6435d0,2 14,test_val
f7cc128a-bb99-11e8-b2b9-ac1f6b6435d0,0 25,test_val
ff2d2d6c-bba2-11e8-b2b9-ac1f6b6435d0,0 25 11,test_val
f6c79764-bba4-11e8-b2ba-ac1f6b6435d0,16 19 7,test_val
f7211944-bbbb-11e8-b2ba-ac1f6b6435d0,25,test_val
fbf11588-bbbf-11e8-b2bb-ac1f6b6435d0,0,test_val
f5de51fa-bbac-11e8-b2ba-ac1f6b6435d0,0,test_val
f08232ea-bba6-11e8-b2ba-ac1f6b6435d0,25,test_val
f66629e0-bbb6-11e8-b2ba-ac1f6b6435d0,4 23,test_val
fd7a3524-bbc9-11e8-b2bc-ac1f6b6435d0,0 2,test_val
fd425180-bbb6-11e8-b2ba-ac1f6b6435d0,2,test_val
f07247f8-bbc0-11e8-b2bb-ac1f6b6435d0,0 23,test_val
f4bd9f98-bb9c-11e8-b2b9-ac1f6b6435d0,0 25 2,test_val
fd0e2c28-bba4-11e8-b2ba-ac1f6b6435d0,11,test_val
f565b3ae-bbc4-11e8-b2bc-ac1f6b6435d0,0 1,test_val
f06548b0-bba6-11e8-b2ba-ac1f6b6435d0,0 5 6,test_val
fec7f63c-bba1-11e8-b2b9-ac1f6b6435d0,0 23,test_val
f3db54f0-bbae-11e8-b2ba-ac1f6b6435d0,0,test_val
f42abc60-bbc3-11e8-b2bc-ac1f6b6435d0,4,test_val
f065bad2-bbbc-11e8-b2ba-ac1f6b6435d0,21,test_val
f9a34f4a-bbb4-11e8-b2ba-ac1f6b6435d0,0 18 21,test_val
f5fbd262-bbab-11e8-b2ba-ac1f6b6435d0,2,test_val
f44318f2-bbad-11e8-b2ba-ac1f6b6435d0,5,test_val
f896cfce-bbb8-11e8-b2ba-ac1f6b6435d0,0 21,test_val
fa5d158e-bb9f-11e8-b2b9-ac1f6b6435d0,0 25 7,test_val
fba50294-bbc2-11e8-b2bc-ac1f6b6435d0,1 6,test_val
fa26988a-bbbb-11e8-b2ba-ac1f6b6435d0,0,test_val
f9715c96-bbc4-11e8-b2bc-ac1f6b6435d0,19 7,test_val
ff9aed56-bb9e-11e8-b2b9-ac1f6b6435d0,2,test_val
fb6e35a4-bbb6-11e8-b2ba-ac1f6b6435d0,0 1,test_val
f8621d98-bbc6-11e8-b2bc-ac1f6b6435d0,0 21,test_val
fe513af8-bb9a-11e8-b2b9-ac1f6b6435d0,13,test_val
f3ce6516-bbb2-11e8-b2ba-ac1f6b6435d0,0 25,test_val
f825b58a-bbab-11e8-b2ba-ac1f6b6435d0,5,test_val
fa72b590-bbc4-11e8-b2bc-ac1f6b6435d0,25 26,test_val
f11d3660-bbb9-11e8-b2ba-ac1f6b6435d0,0 2,test_val
f6ec82aa-bba3-11e8-b2b9-ac1f6b6435d0,4,test_val
fe828790-bbb6-11e8-b2ba-ac1f6b6435d0,5,test_val
febee7a4-bba6-11e8-b2ba-ac1f6b6435d0,4 21,test_val
fddb9084-bbb1-11e8-b2ba-ac1f6b6435d0,5,test_val
f987029a-bbaf-11e8-b2ba-ac1f6b6435d0,4,test_val
fb56748a-bbc7-11e8-b2bc-ac1f6b6435d0,19,test_val
f30c5558-bba7-11e8-b2ba-ac1f6b6435d0,11,test_val
fedfdf92-bbae-11e8-b2ba-ac1f6b6435d0,0 22,test_val
feb5dc76-bbac-11e8-b2ba-ac1f6b6435d0,23,test_val
f41c62a2-bba8-11e8-b2ba-ac1f6b6435d0,0 19,test_val
feb909d8-bbab-11e8-b2ba-ac1f6b6435d0,25 3,test_val
f9dacf28-bbc9-11e8-b2bc-ac1f6b6435d0,0 25 21,test_val
f54a39bc-bba6-11e8-b2ba-ac1f6b6435d0,0 25,test_val
f04d7404-bba8-11e8-b2ba-ac1f6b6435d0,0 2 7,test_val
f225767e-bba7-11e8-b2ba-ac1f6b6435d0,25 11,test_val
ffa9f2c2-bbaa-11e8-b2ba-ac1f6b6435d0,0,test_val
f7ea5f80-bbbf-11e8-b2bb-ac1f6b6435d0,4 21 22,test_val
fe949738-bbb5-11e8-b2ba-ac1f6b6435d0,0 5,test_val
f3713fea-bbbb-11e8-b2ba-ac1f6b6435d0,22 23,test_val
f044752e-bbc7-11e8-b2bc-ac1f6b6435d0,2 4,test_val
fdf48032-bbaa-11e8-b2ba-ac1f6b6435d0,25 2,test_val
f99b2e04-bba1-11e8-b2b9-ac1f6b6435d0,5,test_val
f3dd8830-bbc5-11e8-b2bc-ac1f6b6435d0,25 2 14,test_val
f4e97da6-bba2-11e8-b2b9-ac1f6b6435d0,25,test_val
f303ee4c-bbb4-11e8-b2ba-ac1f6b6435d0,11,test_val
f2a2c47e-bbbd-11e8-b2ba-ac1f6b6435d0,5,test_val
fde2c582-bb9a-11e8-b2b9-ac1f6b6435d0,0 7,test_val
f75290a8-bbc2-11e8-b2bc-ac1f6b6435d0,22,test_val
f9f296a2-bb9d-11e8-b2b9-ac1f6b6435d0,21 7,test_val
fbd3393c-bbba-11e8-b2ba-ac1f6b6435d0,0,test_val
f57b12a8-bb9c-11e8-b2b9-ac1f6b6435d0,0 18,test_val
fe940094-bbc8-11e8-b2bc-ac1f6b6435d0,0 2,test_val
f29e710e-bbb7-11e8-b2ba-ac1f6b6435d0,25,test_val
f7f1dcf6-bbba-11e8-b2ba-ac1f6b6435d0,0,test_val
f8d865cc-bba6-11e8-b2ba-ac1f6b6435d0,25 21,test_val
ff3795f0-bbc4-11e8-b2bc-ac1f6b6435d0,0 1 25,test_val
fc02bb58-bbc9-11e8-b2bc-ac1f6b6435d0,22,test_val
f055e774-bbad-11e8-b2ba-ac1f6b6435d0,7,test_val
fe513258-bbc5-11e8-b2bc-ac1f6b6435d0,4,test_val
fbcda364-bbab-11e8-b2ba-ac1f6b6435d0,19,test_val
fff0a998-bbae-11e8-b2ba-ac1f6b6435d0,5,test_val
f1df314c-bbc9-11e8-b2bc-ac1f6b6435d0,0 21,test_val
fe141570-bbad-11e8-b2ba-ac1f6b6435d0,2,test_val
f494e564-bbc7-11e8-b2bc-ac1f6b6435d0,3,test_val
f663fdb4-bba7-11e8-b2ba-ac1f6b6435d0,0,test_val
ffe61798-bbc3-11e8-b2bc-ac1f6b6435d0,19 23,test_val
f040ea1e-bbac-11e8-b2ba-ac1f6b6435d0,7,test_val
f5638a7a-bbc4-11e8-b2bc-ac1f6b6435d0,16 17 14,test_val
ff98ee96-bbb4-11e8-b2ba-ac1f6b6435d0,12,test_val
ffbebc4e-bb9a-11e8-b2b9-ac1f6b6435d0,4,test_val
f0b0cac2-bbc1-11e8-b2bb-ac1f6b6435d0,11,test_val
f4893414-bbb6-11e8-b2ba-ac1f6b6435d0,0 25 22,test_val
fb3bd630-bbad-11e8-b2ba-ac1f6b6435d0,0,test_val
ff0ca5a6-bba2-11e8-b2b9-ac1f6b6435d0,1 23,test_val
ff23f724-bbb1-11e8-b2ba-ac1f6b6435d0,1,test_val
f0764db4-bbc3-11e8-b2bc-ac1f6b6435d0,4,test_val
f5ad7aea-bbab-11e8-b2ba-ac1f6b6435d0,16 25 4,test_val
fd0e0062-bbaf-11e8-b2ba-ac1f6b6435d0,7,test_val
f9e1fd08-bba5-11e8-b2ba-ac1f6b6435d0,25 5,test_val
fc4c059a-bb99-11e8-b2b9-ac1f6b6435d0,0 3,test_val
f45779d4-bbc9-11e8-b2bc-ac1f6b6435d0,1,test_val
f4111ca0-bbbf-11e8-b2bb-ac1f6b6435d0,23,test_val
f44d0d86-bbc5-11e8-b2bc-ac1f6b6435d0,0 2 23,test_val
f8d9ce58-bbc4-11e8-b2bc-ac1f6b6435d0,25,test_val
f6ba9fc6-bbb5-11e8-b2ba-ac1f6b6435d0,0 5,test_val
f264eda8-bb9e-11e8-b2b9-ac1f6b6435d0,11,test_val
f430c3d4-bbba-11e8-b2ba-ac1f6b6435d0,0 5,test_val
f83ab800-bba5-11e8-b2ba-ac1f6b6435d0,17 18,test_val
fbb110d4-bb9a-11e8-b2b9-ac1f6b6435d0,14 7,test_val
fcbd6e02-bba7-11e8-b2ba-ac1f6b6435d0,25 11,test_val
f4f5d568-bba4-11e8-b2ba-ac1f6b6435d0,7,test_val
f1b7f07c-bbb1-11e8-b2ba-ac1f6b6435d0,0 25,test_val
f21b2d8e-bbbd-11e8-b2ba-ac1f6b6435d0,8,test_val
f1a0fcc6-bb9a-11e8-b2b9-ac1f6b6435d0,0,test_val
fc7c95f2-bbb2-11e8-b2ba-ac1f6b6435d0,1 3,test_val
f9d4cf28-bbc0-11e8-b2bb-ac1f6b6435d0,0 7,test_val
fe41fd46-bba8-11e8-b2ba-ac1f6b6435d0,0 16,test_val
f95b6d80-bbc1-11e8-b2bb-ac1f6b6435d0,25 22,test_val
f0d7e58e-bbbd-11e8-b2ba-ac1f6b6435d0,0 2,test_val
f14b74a6-bba2-11e8-b2b9-ac1f6b6435d0,2 7,test_val
f1fbef74-bbb7-11e8-b2ba-ac1f6b6435d0,4,test_val
f12d6286-bbb1-11e8-b2ba-ac1f6b6435d0,0 13,test_val
f93f0fa0-bb99-11e8-b2b9-ac1f6b6435d0,4,test_val
f5326b6e-bbbc-11e8-b2ba-ac1f6b6435d0,7,test_val
f7a2ca98-bba2-11e8-b2b9-ac1f6b6435d0,0 5,test_val
f10be136-bba9-11e8-b2ba-ac1f6b6435d0,4,test_val
f6d23664-bbb9-11e8-b2ba-ac1f6b6435d0,19 22,test_val
fef01a28-bbc3-11e8-b2bc-ac1f6b6435d0,0,test_val
fae2617a-bbaa-11e8-b2ba-ac1f6b6435d0,25 4 21,test_val
fa7057ea-bba7-11e8-b2ba-ac1f6b6435d0,0 2,test_val
f60d8480-bbab-11e8-b2ba-ac1f6b6435d0,21,test_val
f33194ae-bbc9-11e8-b2bc-ac1f6b6435d0,25 21,test_val
fc76860e-bbac-11e8-b2ba-ac1f6b6435d0,0 25 5,test_val
